well_id,field,year,month,well_age_years,reservoir_pressure_psi,water_cut_pct,gas_oil_ratio,choke_size_64ths,downtime_hours,rainfall_mm,pipeline_utilisation_pct,production_bopd
SPL-001,Eleme,2018,2,5,3940.8,7.8,867.0,20,21.9,11.2,92.7,945.5
SPL-001,Oben,2018,3,18,2551.5,53.0,934.0,32,13.5,1.2,63.0,531.1
SPL-001,Sapele,2018,7,10,3378.7,43.3,652.0,36,48.5,302.8,99.3,790.6
SPL-001,Otiaseki,2018,8,13,2864.4,37.1,800.0,28,79.5,0.3,83.4,458.4
SPL-001,Otiaseki,2018,9,18,2183.0,45.5,771.0,40,26.7,266.5,68.8,404.5
SPL-001,Eleme,2018,10,15,2271.0,42.2,630.0,16,6.9,20.2,74.9,203.2
SPL-001,Oben,2019,1,19,2438.9,51.6,789.0,40,29.8,118.4,82.2,430.5
SPL-001,Oben,2019,3,14,2733.9,51.7,532.0,36,78.1,43.1,77.9,653.9
SPL-001,Eleme,2019,4,7,3308.2,22.7,890.0,32,25.2,164.5,68.0,796.7
SPL-001,Otiaseki,2019,4,12,3212.8,37.4,727.0,16,31.2,154.1,79.0,455.5
SPL-001,Oben,2019,6,19,2273.3,57.4,774.0,16,73.8,14.8,78.1,151.7
SPL-001,Otiaseki,2019,7,18,2395.1,59.6,756.0,24,2.5,184.1,94.5,310.2
SPL-001,Sapele,2019,8,14,2820.9,43.0,843.0,32,4.6,12.6,76.2,563.2
SPL-001,Eleme,2019,8,14,2446.1,46.7,810.0,24,35.2,60.0,78.2,180.2
SPL-001,Eleme,2019,10,15,2912.2,40.2,776.0,28,7.9,208.1,88.2,573.8
SPL-001,Oben,2019,11,2,4658.9,16.5,744.0,20,26.5,9.3,82.5,817.0
SPL-001,Sapele,2020,1,13,3014.7,42.0,880.0,32,0.7,16.2,67.1,647.2
SPL-001,Eleme,2020,1,16,2427.3,52.0,939.0,40,90.9,77.3,85.1,554.3
SPL-001,Otiaseki,2020,3,6,4028.6,25.1,718.0,20,14.2,4.3,87.2,710.6
SPL-001,Oben,2020,6,7,3741.0,25.7,821.0,40,34.1,62.9,74.2,1270.0
SPL-001,Eleme,2020,7,6,3783.9,21.0,785.0,36,102.5,22.6,91.5,1058.5
SPL-001,Eleme,2020,12,1,4384.3,-0.2,617.0,20,3.8,1.7,72.5,951.2
SPL-001,Otiaseki,2021,1,16,2417.3,44.3,967.0,36,0.2,76.3,82.0,668.3
SPL-001,Oben,2021,2,15,2519.8,49.3,1003.0,36,1.5,39.2,75.3,622.1
SPL-001,Sapele,2021,4,3,4413.4,13.3,865.0,28,86.2,80.3,85.4,1123.1
SPL-001,Eleme,2021,5,6,3761.5,16.6,880.0,36,6.7,83.9,93.9,1296.4
SPL-001,Otiaseki,2021,12,19,1972.6,45.8,1089.0,16,7.7,8.3,80.9,76.7
SPL-001,Sapele,2022,1,6,4029.4,19.1,611.0,28,35.1,10.7,91.6,921.8
SPL-001,Eleme,2022,2,1,4238.7,15.0,727.0,36,53.4,10.9,91.4,1300.6
SPL-001,Sapele,2022,7,15,2481.7,42.5,1034.0,36,17.6,371.3,72.9,637.0
SPL-001,Sapele,2022,9,6,3956.0,17.0,660.0,16,17.7,407.1,81.5,473.1
SPL-001,Eleme,2022,10,19,2343.7,66.3,398.0,32,7.8,36.4,74.1,275.0
SPL-001,Eleme,2022,11,7,3534.9,30.2,900.0,32,148.3,24.0,69.1,674.0
SPL-001,Eleme,2023,7,2,4685.1,11.8,597.0,16,8.0,399.2,83.5,766.0
SPL-001,Oben,2023,8,5,3643.6,19.0,1008.0,32,31.0,115.5,77.4,931.3
SPL-001,Oben,2023,9,19,2437.8,61.1,706.0,36,70.7,7.9,73.9,361.6
SPL-001,Otiaseki,2023,10,13,2906.5,44.1,571.0,24,4.5,122.1,89.2,482.1
SPL-001,Eleme,2023,10,11,2935.4,33.2,707.0,28,2.1,6.6,82.4,538.0
SPL-001,Eleme,2023,12,3,4192.0,14.2,749.0,28,13.2,53.4,83.6,1095.6
SPL-002,Otiaseki,2018,2,17,2435.6,46.4,795.0,20,19.2,2.3,87.6,342.9
SPL-002,Sapele,2018,3,11,3053.0,29.5,935.0,32,15.6,6.4,68.6,709.6
SPL-002,Oben,2018,3,14,2637.2,44.9,913.0,32,3.5,4.9,97.2,478.9
SPL-002,Oben,2018,5,15,2797.3,44.2,1014.0,36,20.1,45.8,81.1,658.0
SPL-002,Oben,2018,6,11,3019.7,32.8,814.0,24,9.0,266.5,60.4,528.5
SPL-002,Eleme,2018,11,14,3006.9,50.4,646.0,28,5.3,20.6,68.3,530.6
SPL-002,Sapele,2019,1,10,3360.3,36.0,853.0,24,11.7,63.8,60.1,575.5
SPL-002,Sapele,2019,3,8,3722.8,24.1,680.0,36,12.2,5.8,69.6,1254.7
SPL-002,Oben,2019,7,10,3389.9,25.9,687.0,16,21.2,64.0,97.8,394.9
SPL-002,Oben,2019,8,15,2628.5,47.4,794.0,32,13.0,160.8,90.2,477.3
SPL-002,Sapele,2019,9,12,3298.7,40.0,812.0,20,72.5,0.3,92.7,407.7
SPL-002,Oben,2019,9,16,2946.6,52.6,805.0,32,14.9,23.9,65.9,501.4
SPL-002,Otiaseki,2019,11,4,4084.4,22.2,345.0,36,13.8,0.0,74.7,1297.4
SPL-002,Otiaseki,2019,12,10,3107.1,34.8,912.0,16,27.2,86.1,60.4,322.9
SPL-002,Eleme,2020,1,17,2441.4,48.0,1069.0,28,20.7,24.8,97.3,383.2
SPL-002,Eleme,2020,1,14,2593.4,38.5,920.0,20,70.3,16.4,63.0,253.0
SPL-002,Oben,2020,4,7,3710.3,29.9,904.0,28,17.4,155.8,95.7,713.3
SPL-002,Sapele,2020,5,8,3596.1,34.6,1169.0,16,3.1,372.7,72.7,466.7
SPL-002,Otiaseki,2020,7,15,2923.3,43.6,891.0,20,48.2,63.3,65.7,444.1
SPL-002,Eleme,2020,7,3,4065.6,13.2,949.0,24,49.5,239.0,78.0,919.3
SPL-002,Oben,2020,10,17,2370.7,53.0,833.0,24,8.6,0.6,64.3,353.9
SPL-002,Otiaseki,2020,11,16,2405.6,37.2,841.0,16,10.2,9.2,72.6,268.6
SPL-002,Otiaseki,2020,12,8,3816.1,30.6,945.0,20,0.6,24.6,95.7,682.0
SPL-002,Otiaseki,2021,2,5,3839.6,17.7,775.0,16,30.5,34.8,92.2,476.8
SPL-002,Otiaseki,2021,2,5,3426.8,20.3,692.0,32,23.0,1.9,91.7,958.5
SPL-002,Otiaseki,2021,2,4,4194.6,11.4,898.0,28,28.3,75.9,69.9,1199.4
SPL-002,Oben,2021,3,7,3382.1,23.1,678.0,40,8.8,1.7,93.5,1089.1
SPL-002,Otiaseki,2021,4,4,4536.7,17.6,775.0,32,1.4,40.1,79.5,1358.5
SPL-002,Otiaseki,2021,8,10,3565.4,40.8,912.0,20,23.7,382.7,94.7,479.6
SPL-002,Oben,2021,9,7,3560.5,19.0,796.0,16,53.5,14.5,99.5,451.8
SPL-002,Eleme,2022,1,6,3710.3,27.6,712.0,24,13.6,36.4,63.0,874.7
SPL-002,Otiaseki,2022,3,6,3778.3,21.7,935.0,40,2.2,0.7,99.9,1276.8
SPL-002,Sapele,2022,3,10,3466.9,33.0,809.0,40,39.4,14.2,81.6,1135.6
SPL-002,Oben,2022,4,17,2509.5,57.7,832.0,28,33.1,67.8,81.5,285.8
SPL-002,Otiaseki,2022,6,5,4235.0,12.6,695.0,28,60.9,148.6,63.5,1125.4
SPL-002,Oben,2022,9,9,3698.8,34.7,766.0,24,69.9,122.8,94.2,623.8
SPL-002,Oben,2022,10,8,3570.4,19.8,876.0,20,53.4,9.3,70.3,733.2
SPL-002,Oben,2022,12,10,3258.0,38.2,895.0,20,49.1,23.7,92.6,483.1
SPL-002,Sapele,2022,12,12,3033.5,39.0,485.0,16,0.1,5.3,78.9,342.0
SPL-002,Oben,2023,2,12,3275.8,44.2,833.0,24,27.4,16.6,71.5,505.0
SPL-002,Sapele,2023,2,15,2873.9,47.5,896.0,24,3.6,120.9,94.2,177.7
SPL-002,Eleme,2023,3,7,3785.6,16.0,990.0,36,1.4,13.8,78.3,1307.5
SPL-002,Oben,2023,3,14,2901.7,43.9,725.0,20,53.7,7.4,79.3,418.1
SPL-002,Eleme,2023,6,14,2997.1,44.5,911.0,16,53.2,518.4,78.4,152.4
SPL-002,Eleme,2023,7,1,4469.1,13.6,962.0,40,6.1,250.4,82.5,1888.1
SPL-002,Eleme,2023,8,8,3616.0,36.5,683.0,16,16.5,11.2,74.0,384.3
SPL-002,Sapele,2023,8,10,3554.7,27.5,682.0,36,9.8,43.3,83.9,1174.3
SPL-002,Otiaseki,2023,10,7,3772.6,21.3,729.0,16,34.2,4.4,73.3,519.1
SPL-002,Oben,2023,11,16,2721.7,51.7,833.0,16,106.8,23.5,68.5,269.3
SPL-002,Sapele,2023,11,16,2430.0,55.4,945.0,36,30.0,34.9,86.1,359.2
SPL-002,Otiaseki,2023,11,2,4108.5,14.9,627.0,32,3.5,23.0,86.0,1305.1
SPL-003,Otiaseki,2018,1,13,2864.9,40.7,680.0,16,29.4,10.9,90.6,334.1
SPL-003,Oben,2018,4,10,3406.4,35.9,991.0,36,24.2,28.4,73.5,878.0
SPL-003,Eleme,2018,4,18,2009.5,54.2,923.0,24,16.1,188.4,93.2,222.7
SPL-003,Oben,2018,4,18,2407.5,64.2,1036.0,24,6.6,58.4,62.3,264.0
SPL-003,Otiaseki,2018,6,4,4229.4,9.7,970.0,40,0.4,156.5,86.4,1833.3
SPL-003,Sapele,2018,6,2,3990.6,17.2,609.0,24,56.3,5.8,83.5,805.7
SPL-003,Sapele,2018,9,5,3748.3,26.5,551.0,36,0.5,0.4,98.1,1069.1
SPL-003,Otiaseki,2018,10,10,3303.2,32.6,868.0,24,18.8,2.5,72.5,604.0
SPL-003,Sapele,2018,10,4,4034.8,25.2,852.0,36,17.4,22.0,67.5,1104.2
SPL-003,Otiaseki,2018,11,18,2271.5,60.5,931.0,36,147.4,8.7,83.2,267.3
SPL-003,Eleme,2019,3,5,3941.9,19.4,798.0,32,30.2,8.2,74.3,1074.2
SPL-003,Sapele,2019,4,3,4101.0,16.4,827.0,24,9.5,48.5,93.7,1098.2
SPL-003,Otiaseki,2019,6,16,2698.2,46.4,857.0,28,7.9,6.2,94.3,529.6
SPL-003,Sapele,2019,8,10,3408.3,31.5,944.0,32,67.7,140.5,61.6,814.8
SPL-003,Sapele,2019,10,14,2722.8,45.0,489.0,20,10.8,1.4,62.6,337.9
SPL-003,Oben,2019,12,3,3977.3,9.1,325.0,36,5.7,7.0,82.0,1460.2
SPL-003,Otiaseki,2020,6,15,2693.2,53.2,752.0,32,73.1,320.2,74.5,411.5
SPL-003,Sapele,2020,8,6,3769.9,21.9,597.0,24,48.4,20.9,71.3,797.7
SPL-003,Sapele,2020,10,6,4178.9,26.5,764.0,24,0.6,43.7,97.3,900.5
SPL-003,Eleme,2020,11,15,2632.0,53.0,756.0,28,3.2,1.5,72.4,574.2
SPL-003,Sapele,2020,12,18,1966.1,46.5,869.0,20,17.1,37.9,84.3,148.3
SPL-003,Sapele,2021,2,14,2996.1,43.4,915.0,32,6.7,29.3,60.9,694.3
SPL-003,Sapele,2021,4,11,3049.5,33.3,779.0,32,23.6,14.5,74.9,738.9
SPL-003,Eleme,2021,6,19,1859.3,51.3,878.0,36,8.2,641.9,97.2,301.6
SPL-003,Eleme,2021,9,13,2799.8,39.0,796.0,20,29.6,93.8,68.5,404.5
SPL-003,Sapele,2021,9,12,3123.9,38.8,763.0,40,32.6,225.0,96.5,872.0
SPL-003,Otiaseki,2022,2,17,2468.3,51.5,622.0,20,2.2,26.8,88.5,284.6
SPL-003,Otiaseki,2022,6,7,3707.3,18.0,866.0,24,11.9,210.3,97.2,890.5
SPL-003,Otiaseki,2022,6,7,3653.7,17.4,723.0,32,4.2,166.8,76.6,1059.1
SPL-003,Sapele,2022,7,2,4335.1,3.3,955.0,36,16.4,15.8,62.6,1596.8
SPL-003,Sapele,2022,7,8,3825.6,21.2,980.0,20,1.2,47.8,87.8,670.7
SPL-003,Sapele,2022,9,4,3662.2,18.0,928.0,36,26.9,31.6,72.1,1239.8
SPL-003,Oben,2022,10,7,3915.0,23.3,864.0,40,173.7,44.9,96.2,1056.6
SPL-003,Eleme,2022,11,14,2443.1,50.1,709.0,40,6.7,22.1,96.2,628.3
SPL-003,Eleme,2022,11,15,2702.7,50.8,808.0,40,4.2,6.8,96.2,561.5
SPL-003,Oben,2023,4,17,2670.4,59.4,1102.0,16,14.7,166.2,99.6,259.6
SPL-003,Otiaseki,2023,8,10,3070.6,38.1,796.0,28,25.1,569.6,62.4,672.1
SPL-003,Eleme,2023,9,19,2411.8,49.0,630.0,20,12.9,91.2,90.1,292.6
SPL-003,Sapele,2023,10,10,3273.5,26.0,819.0,32,3.6,181.9,77.3,1010.8
SPL-003,Eleme,2023,10,6,3937.0,29.4,689.0,28,28.6,28.1,61.5,900.2
SPL-003,Otiaseki,2023,11,8,3410.4,32.8,707.0,16,6.3,35.5,79.8,444.5
SPL-004,Oben,2018,1,5,4066.1,11.3,696.0,40,8.1,49.5,79.9,1676.4
SPL-004,Oben,2018,1,16,2563.8,45.7,905.0,28,0.8,36.2,75.7,437.1
SPL-004,Otiaseki,2018,1,19,2293.9,58.3,809.0,40,14.4,3.7,76.5,453.0
SPL-004,Otiaseki,2018,3,15,2678.1,45.9,751.0,28,51.0,9.1,83.0,435.9
SPL-004,Eleme,2018,5,17,2649.8,54.2,813.0,16,22.1,256.6,92.1,252.5
SPL-004,Sapele,2018,6,8,3658.4,29.4,903.0,20,8.9,142.7,82.7,502.8
SPL-004,Eleme,2018,6,2,4190.9,10.7,937.0,32,13.7,94.7,81.2,1440.7
SPL-004,Eleme,2018,7,17,2533.3,51.6,896.0,24,7.3,67.3,86.7,409.5
SPL-004,Eleme,2018,8,4,4250.4,21.2,708.0,16,5.8,10.3,70.8,511.1
SPL-004,Sapele,2018,9,3,3984.1,9.7,653.0,20,65.6,527.0,80.0,646.3
SPL-004,Otiaseki,2018,12,10,3282.5,38.4,813.0,40,3.7,4.3,89.1,983.7
SPL-004,Sapele,2019,3,3,4251.5,5.9,1108.0,16,29.3,0.8,64.5,590.2
SPL-004,Oben,2019,4,17,2439.0,42.7,634.0,40,15.5,195.5,77.2,591.2
SPL-004,Eleme,2019,5,14,2920.4,44.8,674.0,20,14.5,399.3,97.6,447.3
SPL-004,Otiaseki,2019,6,2,4407.3,12.3,522.0,20,6.5,82.0,81.7,849.3
SPL-004,Oben,2019,7,3,4068.9,18.3,898.0,32,11.1,594.4,82.5,1238.2
SPL-004,Sapele,2019,9,15,2837.1,46.4,892.0,24,85.4,292.0,99.2,314.2
SPL-004,Eleme,2019,9,6,3885.3,23.5,694.0,16,4.3,159.0,85.4,550.7
SPL-004,Eleme,2019,9,12,3102.0,39.3,831.0,36,15.2,152.1,92.1,845.1
SPL-004,Otiaseki,2020,1,13,3265.5,41.4,963.0,24,3.5,3.4,96.4,566.1
SPL-004,Sapele,2020,3,2,4415.1,12.1,835.0,16,31.5,17.5,99.3,775.6
SPL-004,Eleme,2020,3,4,3763.2,6.1,901.0,36,8.1,44.2,82.9,1463.3
SPL-004,Sapele,2020,8,5,3950.3,17.5,1217.0,28,12.0,253.2,85.8,1070.4
SPL-004,Otiaseki,2020,8,5,3940.1,18.5,636.0,16,13.3,62.9,73.8,537.5
SPL-004,Eleme,2020,9,16,2761.4,49.5,723.0,36,19.5,299.6,88.3,556.1
SPL-004,Oben,2020,9,9,3592.6,32.3,771.0,36,3.6,43.7,80.8,1104.2
SPL-004,Sapele,2020,9,17,2618.6,57.6,735.0,36,5.7,470.5,98.4,461.5
SPL-004,Eleme,2020,11,13,3016.3,40.7,425.0,40,7.8,134.2,77.2,851.0
SPL-004,Otiaseki,2020,12,7,3560.6,28.5,640.0,32,133.8,43.0,85.3,754.0
SPL-004,Otiaseki,2021,1,18,2680.7,48.2,725.0,24,14.7,7.1,87.9,404.2
SPL-004,Oben,2021,1,14,2781.3,48.1,841.0,24,89.6,15.3,74.7,364.1
SPL-004,Sapele,2021,1,1,4256.9,9.9,804.0,24,21.2,124.5,84.1,1066.4
SPL-004,Eleme,2021,2,13,2473.3,36.4,858.0,40,79.6,11.6,85.8,632.8
SPL-004,Oben,2021,2,15,2979.9,46.5,482.0,36,51.6,1.4,66.1,604.4
SPL-004,Eleme,2021,4,3,4014.1,12.2,980.0,28,7.3,55.2,94.5,977.8
SPL-004,Oben,2021,5,10,3457.4,27.1,890.0,32,46.9,66.6,77.4,816.6
SPL-004,Sapele,2021,7,1,4298.4,5.7,634.0,28,36.5,195.5,99.5,1280.8
SPL-004,Oben,2021,8,14,2880.7,38.3,954.0,16,44.8,79.4,69.2,165.6
SPL-004,Sapele,2022,1,17,2268.7,61.9,917.0,28,29.8,23.5,78.6,380.4
SPL-004,Sapele,2022,2,19,2053.0,69.3,1067.0,24,5.6,39.5,71.6,170.3
SPL-004,Sapele,2022,5,1,4293.7,10.7,1110.0,28,23.8,346.6,69.5,1365.7
SPL-004,Otiaseki,2022,6,9,3694.5,30.3,900.0,40,3.2,22.8,87.4,1213.6
SPL-004,Otiaseki,2022,7,15,2725.3,47.0,877.0,28,4.7,198.9,82.8,299.0
SPL-004,Eleme,2023,1,15,2656.8,45.5,770.0,40,1.3,25.4,93.2,795.8
SPL-004,Oben,2023,1,14,2980.3,43.7,963.0,40,28.1,9.2,74.3,793.5
SPL-004,Otiaseki,2023,2,15,3106.2,43.3,810.0,40,13.9,13.6,65.9,737.4
SPL-004,Sapele,2023,3,19,2061.1,62.4,844.0,16,13.1,175.6,74.8,233.7
SPL-004,Eleme,2023,4,6,3983.6,14.0,917.0,24,83.1,26.9,94.9,927.1
SPL-004,Oben,2023,6,1,4365.2,11.5,924.0,20,15.9,28.7,94.4,938.3
SPL-004,Oben,2023,9,14,2758.8,41.6,544.0,20,73.2,233.5,82.1,389.8
SPL-005,Otiaseki,2018,1,15,2790.1,43.6,1006.0,20,19.1,39.2,86.7,331.1
SPL-005,Otiaseki,2018,2,4,3865.9,14.0,749.0,28,137.5,19.0,76.8,840.7
SPL-005,Otiaseki,2018,3,11,3394.0,32.5,772.0,28,9.4,38.2,91.0,634.7
SPL-005,Eleme,2018,3,7,3638.2,16.6,672.0,32,50.3,101.3,94.1,971.6
SPL-005,Sapele,2018,6,11,3309.2,32.8,1293.0,16,5.0,9.6,82.9,553.4
SPL-005,Otiaseki,2018,6,3,3953.4,15.7,677.0,32,33.1,514.8,97.0,1223.3
SPL-005,Oben,2018,6,9,3255.8,33.1,852.0,36,3.4,280.8,60.8,876.2
SPL-005,Oben,2018,7,15,2515.0,51.4,880.0,36,19.5,369.7,94.8,555.1
SPL-005,Oben,2018,9,11,3114.3,24.2,524.0,32,42.4,295.6,80.1,828.9
SPL-005,Otiaseki,2018,11,15,2498.0,38.8,853.0,24,9.5,11.6,78.3,373.9
SPL-005,Oben,2019,2,4,3825.6,24.7,637.0,20,49.8,26.3,69.8,604.0
SPL-005,Oben,2019,3,10,3320.4,29.1,813.0,36,14.3,20.1,79.1,976.0
SPL-005,Eleme,2019,4,13,2539.8,48.1,891.0,16,13.3,16.2,66.9,240.0
SPL-005,Otiaseki,2019,4,3,4349.3,10.1,982.0,28,33.3,98.8,93.8,1237.1
SPL-005,Sapele,2019,7,18,2336.4,47.0,821.0,32,23.6,37.5,95.0,499.5
SPL-005,Eleme,2019,7,14,3093.6,43.6,405.0,16,63.6,18.8,99.4,306.9
SPL-005,Oben,2019,7,1,4116.7,7.2,823.0,20,26.7,12.3,62.1,789.8
SPL-005,Oben,2019,8,19,2209.5,57.0,618.0,20,78.2,24.1,64.4,160.5
SPL-005,Oben,2019,11,10,3166.5,33.7,882.0,16,41.7,23.5,63.0,310.2
SPL-005,Sapele,2019,12,12,3049.5,36.2,737.0,16,9.4,2.0,99.2,417.5
SPL-005,Oben,2019,12,16,2788.7,54.3,814.0,40,14.3,59.2,70.6,424.1
SPL-005,Sapele,2020,1,13,3011.4,36.3,692.0,16,29.8,42.6,75.9,506.8
SPL-005,Eleme,2020,5,19,1983.5,53.9,673.0,20,30.6,23.5,99.5,243.7
SPL-005,Oben,2020,7,14,2875.6,42.7,697.0,20,23.5,66.7,77.5,379.7
SPL-005,Sapele,2020,9,5,3599.3,12.6,702.0,40,20.3,178.0,95.1,1440.5
SPL-005,Sapele,2020,10,12,2839.0,36.1,816.0,28,33.2,5.7,95.6,465.3
SPL-005,Sapele,2020,11,15,3156.3,49.4,672.0,20,9.6,11.8,87.3,364.2
SPL-005,Oben,2020,12,14,2970.3,38.1,727.0,16,48.4,59.6,64.4,224.9
SPL-005,Eleme,2021,1,15,2558.0,48.7,635.0,28,47.2,1.6,93.1,446.0
SPL-005,Eleme,2021,1,7,3819.7,25.1,714.0,36,19.7,134.7,89.2,1174.3
SPL-005,Sapele,2021,2,5,3629.5,19.4,513.0,24,13.5,0.3,73.4,954.4
SPL-005,Oben,2021,4,12,2867.3,47.7,791.0,32,15.2,243.0,89.6,716.4
SPL-005,Sapele,2021,5,2,3964.1,14.8,599.0,24,6.9,46.3,74.7,1081.8
SPL-005,Eleme,2021,6,17,2309.5,61.9,936.0,28,12.1,99.1,75.7,253.5
SPL-005,Sapele,2021,6,4,4012.4,8.1,1098.0,32,4.3,91.0,67.9,1430.3
SPL-005,Oben,2021,10,16,2152.2,47.9,531.0,20,24.1,6.4,69.9,227.7
SPL-005,Oben,2021,10,19,1953.0,53.8,761.0,16,4.6,19.5,88.6,143.0
SPL-005,Oben,2021,11,7,3856.2,14.6,458.0,24,44.5,37.5,74.9,845.9
SPL-005,Otiaseki,2021,11,9,3567.3,37.0,921.0,36,104.8,52.9,87.0,743.2
SPL-005,Oben,2021,11,11,3347.4,40.5,924.0,28,13.3,39.5,60.2,784.9
SPL-005,Oben,2021,12,19,2086.9,55.2,707.0,28,20.3,1.2,88.3,240.6
SPL-005,Sapele,2022,1,12,3297.4,44.6,644.0,16,80.3,0.8,84.0,411.6
SPL-005,Otiaseki,2022,3,8,3772.0,30.4,988.0,28,37.5,27.3,73.7,881.3
SPL-005,Oben,2022,3,5,4087.8,16.1,822.0,40,64.7,78.9,85.0,1588.5
SPL-005,Oben,2022,3,18,2724.7,58.7,1126.0,20,93.4,44.2,99.0,91.1
SPL-005,Otiaseki,2022,8,14,2907.6,49.0,576.0,40,68.7,199.7,75.8,645.9
SPL-005,Sapele,2022,9,14,2743.0,44.3,924.0,20,36.1,50.4,87.9,370.7
SPL-005,Otiaseki,2022,10,12,3282.5,36.1,1088.0,16,1.3,42.5,80.5,284.7
SPL-005,Otiaseki,2022,10,11,3561.6,34.9,904.0,16,40.6,110.2,72.2,372.1
SPL-005,Sapele,2022,12,9,2902.2,37.7,1009.0,24,86.7,2.7,66.6,424.2
SPL-005,Otiaseki,2023,2,8,3616.5,30.2,621.0,20,18.3,155.8,89.4,591.6
SPL-005,Oben,2023,4,2,4136.0,12.5,767.0,20,29.8,119.3,68.2,854.7
SPL-005,Otiaseki,2023,9,1,4676.7,1.8,556.0,16,2.6,213.8,68.0,699.8
SPL-005,Sapele,2023,11,4,3590.2,21.4,824.0,24,7.3,38.9,68.4,724.1
SPL-006,Sapele,2018,1,19,2544.8,55.1,867.0,40,21.8,5.6,70.1,555.6
SPL-006,Sapele,2018,1,3,4495.6,13.4,605.0,24,23.8,24.8,69.6,975.1
SPL-006,Oben,2018,5,17,2609.1,53.9,742.0,32,15.4,85.8,69.6,538.0
SPL-006,Sapele,2018,5,2,4459.1,8.1,813.0,16,6.2,210.8,85.3,916.3
SPL-006,Otiaseki,2018,7,19,2036.1,61.9,901.0,24,33.3,38.7,65.3,152.4
SPL-006,Otiaseki,2018,10,14,2599.4,40.9,545.0,28,12.8,12.0,71.1,353.2
SPL-006,Oben,2018,12,10,3329.4,41.7,945.0,20,28.9,78.9,96.7,425.1
SPL-006,Eleme,2019,1,19,1987.6,56.4,638.0,16,55.1,12.1,74.0,237.5
SPL-006,Otiaseki,2019,1,2,4215.2,3.6,950.0,20,164.1,20.7,86.0,838.3
SPL-006,Sapele,2019,6,18,2749.9,46.4,623.0,40,73.6,25.3,81.8,690.5
SPL-006,Oben,2019,7,3,4237.0,1.8,788.0,36,17.0,285.7,87.8,1752.5
SPL-006,Sapele,2019,8,11,3229.4,38.3,813.0,32,1.7,84.6,94.6,672.8
SPL-006,Eleme,2019,8,8,3731.0,18.7,867.0,32,16.5,162.0,86.2,1107.2
SPL-006,Eleme,2019,10,14,2993.2,43.3,637.0,28,4.9,22.8,81.9,391.9
SPL-006,Oben,2019,10,9,3291.8,40.2,938.0,36,40.9,19.5,89.3,757.5
SPL-006,Sapele,2019,12,6,3576.8,26.9,822.0,36,8.1,52.2,97.8,1054.7
SPL-006,Otiaseki,2020,2,9,3376.2,29.1,804.0,36,8.5,68.1,84.9,1016.9
SPL-006,Eleme,2020,4,16,2433.0,41.2,584.0,28,3.6,113.1,67.3,476.5
SPL-006,Otiaseki,2020,6,13,2864.1,43.5,1043.0,20,32.6,97.4,94.3,321.4
SPL-006,Otiaseki,2020,8,2,4327.4,15.6,1036.0,20,21.3,0.2,87.5,790.2
SPL-006,Eleme,2020,12,4,4066.0,14.1,936.0,40,5.0,81.9,90.9,1574.7
SPL-006,Sapele,2020,12,10,3238.2,31.9,739.0,32,5.2,79.3,67.8,829.4
SPL-006,Otiaseki,2021,5,7,3430.1,26.4,999.0,20,12.6,192.7,60.1,641.2
SPL-006,Otiaseki,2021,6,19,2372.9,59.5,595.0,20,5.4,225.7,65.4,264.4
SPL-006,Eleme,2021,8,7,3444.0,24.4,854.0,40,55.5,484.8,72.1,1162.9
SPL-006,Oben,2021,8,19,2170.2,56.2,712.0,20,18.6,244.3,96.5,197.4
SPL-006,Eleme,2021,9,11,3222.9,28.6,913.0,28,1.7,35.8,91.3,850.4
SPL-006,Eleme,2021,10,12,3305.8,34.6,1026.0,16,73.8,14.7,92.1,378.0
SPL-006,Sapele,2021,10,5,3866.4,11.9,627.0,36,6.7,67.0,81.0,1509.2
SPL-006,Eleme,2021,10,3,4341.8,11.7,646.0,40,26.4,8.7,81.9,1611.9
SPL-006,Eleme,2021,12,13,3366.6,37.7,771.0,32,26.6,5.8,89.0,786.6
SPL-006,Sapele,2022,3,2,4331.9,7.5,731.0,40,51.0,52.7,68.1,1746.5
SPL-006,Eleme,2022,3,7,3654.8,27.6,725.0,24,50.4,17.3,69.4,717.6
SPL-006,Otiaseki,2022,5,10,3252.4,37.1,731.0,20,17.8,5.0,87.5,367.7
SPL-006,Oben,2022,6,6,3825.9,22.0,939.0,40,14.3,288.9,74.5,1455.1
SPL-006,Eleme,2022,7,3,3904.6,6.4,549.0,28,4.0,20.8,74.9,1314.9
SPL-006,Eleme,2022,7,15,2639.6,43.4,897.0,40,31.2,253.6,78.1,689.7
SPL-006,Oben,2022,9,9,3557.5,33.0,748.0,20,9.6,48.1,63.5,540.0
SPL-006,Otiaseki,2022,12,11,2703.6,35.0,835.0,32,21.1,8.9,76.2,629.3
SPL-006,Otiaseki,2022,12,6,3524.5,25.1,738.0,24,1.8,24.0,70.8,773.9
SPL-006,Sapele,2023,2,11,2873.0,30.9,1058.0,16,5.4,0.7,63.9,423.7
SPL-006,Oben,2023,2,6,3719.1,23.6,721.0,36,1.0,27.6,67.7,1220.9
SPL-006,Oben,2023,6,3,4033.8,15.7,814.0,24,91.7,18.3,82.8,942.3
SPL-006,Eleme,2023,6,14,2799.0,42.5,623.0,24,35.4,174.4,66.1,500.5
SPL-006,Otiaseki,2023,8,6,3900.1,23.8,608.0,32,10.4,62.2,93.2,1092.1
SPL-006,Oben,2023,11,6,3799.7,20.0,774.0,28,89.2,0.6,89.5,928.5
SPL-006,Eleme,2023,11,14,2890.2,39.5,765.0,32,34.4,35.4,76.0,529.0
SPL-006,Eleme,2023,11,16,2336.1,48.2,718.0,40,12.0,10.1,94.6,522.6
SPL-006,Otiaseki,2023,12,11,2955.7,41.1,743.0,20,20.2,33.5,72.4,419.7
SPL-007,Eleme,2018,1,7,3647.6,21.7,838.0,16,13.5,56.1,79.6,563.9
SPL-007,Oben,2018,3,8,3311.1,36.5,996.0,28,59.1,15.0,96.4,637.7
SPL-007,Sapele,2018,4,9,3372.4,33.7,877.0,40,62.1,102.3,84.9,1008.1
SPL-007,Sapele,2018,5,2,4579.9,5.1,797.0,40,25.0,54.3,79.2,2143.9
SPL-007,Sapele,2018,6,4,3878.6,16.5,676.0,28,9.9,301.2,68.7,915.7
SPL-007,Eleme,2018,8,16,2390.4,61.5,1094.0,32,11.9,53.9,65.7,332.0
SPL-007,Oben,2018,12,3,4507.6,13.4,1052.0,40,23.3,12.2,90.7,1734.6
SPL-007,Otiaseki,2019,2,17,2837.8,54.8,615.0,28,37.3,33.4,67.7,427.4
SPL-007,Oben,2019,4,2,4667.7,18.8,550.0,16,59.8,74.8,72.3,686.8
SPL-007,Sapele,2019,9,4,3982.0,12.8,868.0,40,42.0,72.6,90.2,1533.2
SPL-007,Oben,2019,12,15,2591.1,42.5,1058.0,32,45.6,96.8,66.5,490.4
SPL-007,Otiaseki,2020,1,18,2461.1,55.0,739.0,16,47.4,11.2,66.1,142.2
SPL-007,Otiaseki,2020,3,5,3985.5,12.2,715.0,24,2.8,4.6,73.6,1042.3
SPL-007,Otiaseki,2020,4,15,2700.8,49.4,954.0,20,11.6,116.0,90.9,341.1
SPL-007,Oben,2020,5,5,3484.6,10.9,583.0,40,26.2,310.6,72.8,1413.8
SPL-007,Oben,2020,6,10,3554.2,23.3,652.0,40,56.2,363.9,82.8,1221.7
SPL-007,Oben,2020,7,18,2506.9,56.4,466.0,16,2.8,442.5,88.1,123.7
SPL-007,Eleme,2020,10,14,3020.8,48.7,621.0,20,58.9,2.4,60.5,340.3
SPL-007,Oben,2021,1,12,2586.7,42.8,817.0,16,24.4,31.3,75.5,378.3
SPL-007,Eleme,2021,2,3,4096.8,21.5,710.0,32,46.1,54.0,85.2,1024.4
SPL-007,Sapele,2021,3,11,3313.1,40.7,770.0,32,40.3,59.3,87.0,669.5
SPL-007,Eleme,2021,5,17,2603.4,53.2,434.0,24,6.2,7.8,92.2,447.8
SPL-007,Otiaseki,2021,5,3,3981.6,12.5,755.0,32,11.4,77.1,77.0,1147.0
SPL-007,Oben,2021,7,18,2231.0,63.3,778.0,16,49.4,40.8,68.3,137.0
SPL-007,Oben,2021,10,3,4010.3,16.6,647.0,28,12.1,81.4,80.4,1101.8
SPL-007,Eleme,2021,12,9,3296.5,31.5,701.0,24,55.5,19.6,92.2,779.9
SPL-007,Otiaseki,2021,12,18,2081.0,53.9,958.0,16,5.4,100.8,95.3,160.7
SPL-007,Sapele,2022,1,9,3657.2,31.5,783.0,20,10.7,39.6,87.8,460.1
SPL-007,Oben,2022,1,12,3095.6,39.1,821.0,28,21.5,49.9,97.4,582.5
SPL-007,Oben,2022,3,11,3347.1,41.6,650.0,36,20.7,16.5,98.5,1033.8
SPL-007,Eleme,2022,4,7,3849.5,33.1,753.0,24,6.2,295.2,90.9,700.9
SPL-007,Otiaseki,2022,4,4,4095.2,18.1,804.0,20,41.1,12.1,96.4,769.7
SPL-007,Eleme,2022,4,18,2101.7,53.9,636.0,36,57.3,1.5,86.0,415.7
SPL-007,Oben,2022,5,13,3020.1,44.6,697.0,24,21.6,208.8,86.3,451.3
SPL-007,Eleme,2022,6,2,4184.0,11.6,820.0,36,28.1,40.6,60.8,1485.0
SPL-007,Sapele,2022,6,18,2035.5,64.1,1075.0,36,13.9,42.2,65.3,324.3
SPL-007,Eleme,2022,7,13,3100.8,34.8,1098.0,40,44.4,116.6,98.1,953.3
SPL-007,Sapele,2022,9,17,2791.2,48.9,772.0,40,6.9,57.5,72.0,716.8
SPL-007,Otiaseki,2022,9,12,2926.7,36.4,804.0,28,9.6,0.4,88.7,660.6
SPL-007,Oben,2022,12,8,3037.1,27.6,821.0,40,47.7,22.2,78.4,833.5
SPL-007,Sapele,2023,1,3,3713.7,14.4,924.0,40,32.4,29.5,82.3,1298.4
SPL-007,Eleme,2023,6,19,2495.5,58.8,709.0,40,5.3,69.7,90.1,583.4
SPL-007,Otiaseki,2023,8,15,2529.0,48.5,977.0,28,15.2,65.2,60.2,469.8
SPL-007,Eleme,2023,9,3,4169.5,16.9,683.0,36,64.8,83.8,82.2,1340.6
SPL-007,Sapele,2023,9,16,2878.9,52.7,953.0,36,39.1,80.0,93.1,397.3
SPL-007,Sapele,2023,12,14,3183.1,49.0,915.0,32,15.5,9.7,61.0,698.5
SPL-007,Eleme,2023,12,4,4171.3,18.7,934.0,28,4.2,14.6,66.1,1051.2
SPL-008,Oben,2018,1,3,4467.4,11.8,695.0,40,42.6,43.9,71.7,1812.5
SPL-008,Sapele,2018,1,9,3554.3,32.8,811.0,24,116.4,19.7,81.9,784.3
SPL-008,Otiaseki,2018,2,6,3767.8,23.1,873.0,20,17.8,9.5,98.1,627.3
SPL-008,Otiaseki,2018,3,16,2614.5,47.9,894.0,20,0.6,55.3,82.8,388.5
SPL-008,Eleme,2018,4,12,3235.6,36.8,793.0,16,31.6,221.9,94.9,410.4
SPL-008,Sapele,2018,4,10,2849.1,28.6,725.0,40,20.2,41.8,82.8,1043.1
SPL-008,Sapele,2018,6,8,3406.4,33.4,780.0,28,6.3,193.6,75.6,688.2
SPL-008,Otiaseki,2018,7,4,3832.3,10.2,1014.0,28,3.6,37.0,83.2,1164.7
SPL-008,Sapele,2018,8,18,2244.3,52.9,885.0,36,2.4,88.5,72.0,508.8
SPL-008,Sapele,2018,10,11,3362.8,29.3,646.0,24,7.2,8.7,88.3,619.0
SPL-008,Eleme,2018,11,13,2807.1,42.3,815.0,16,12.9,25.3,92.1,96.9
SPL-008,Sapele,2018,12,19,2070.3,61.3,808.0,40,18.8,12.1,91.1,234.9
SPL-008,Oben,2018,12,6,3484.4,15.6,941.0,40,4.9,20.0,99.3,1350.3
SPL-008,Otiaseki,2018,12,6,4361.0,18.9,817.0,24,132.7,2.7,70.8,881.1
SPL-008,Oben,2019,4,12,2784.1,34.0,921.0,24,4.1,482.9,77.1,553.0
SPL-008,Sapele,2019,5,8,3509.8,23.8,502.0,32,24.0,64.7,76.2,975.2
SPL-008,Sapele,2019,7,6,4069.9,18.8,949.0,20,78.1,11.4,90.9,596.3
SPL-008,Oben,2019,8,7,3408.6,24.9,899.0,28,4.1,33.0,80.3,908.2
SPL-008,Eleme,2019,9,14,2878.9,45.8,1018.0,16,31.6,44.0,78.7,350.8
SPL-008,Oben,2019,11,1,4676.3,7.2,697.0,32,0.0,41.5,69.4,1569.4
SPL-008,Sapele,2020,1,8,3595.8,29.6,900.0,24,17.0,26.4,89.4,619.3
SPL-008,Sapele,2020,4,10,2973.7,26.7,857.0,28,19.5,127.2,75.0,748.4
SPL-008,Sapele,2020,4,15,2476.5,49.0,596.0,36,31.7,80.1,97.8,562.5
SPL-008,Eleme,2020,4,7,3873.2,21.8,664.0,24,1.3,79.7,99.9,879.5
SPL-008,Sapele,2020,5,17,2323.6,55.5,880.0,16,50.8,22.4,62.6,201.4
SPL-008,Sapele,2020,6,14,2660.1,42.2,888.0,24,21.1,68.6,63.6,362.8
SPL-008,Oben,2020,6,13,2419.1,34.1,872.0,16,49.6,44.1,94.5,149.0
SPL-008,Otiaseki,2020,6,9,3362.2,25.0,683.0,16,6.2,310.0,86.3,580.2
SPL-008,Oben,2020,7,11,3214.1,32.9,1128.0,28,21.7,461.2,87.3,685.4
SPL-008,Otiaseki,2020,10,4,4133.2,15.9,755.0,32,18.1,13.1,86.3,1259.0
SPL-008,Otiaseki,2020,10,12,3140.3,34.5,511.0,24,9.8,139.1,87.2,497.8
SPL-008,Sapele,2020,12,12,2979.5,41.0,652.0,20,54.1,20.2,63.8,339.8
SPL-008,Otiaseki,2021,1,8,3488.6,32.3,648.0,32,28.2,74.3,87.0,803.3
SPL-008,Eleme,2021,8,2,4224.4,7.5,798.0,36,13.2,15.1,74.7,1635.7
SPL-008,Otiaseki,2021,9,3,4415.4,11.5,752.0,20,21.3,164.7,90.2,867.2
SPL-008,Otiaseki,2021,10,4,3809.8,19.0,767.0,28,46.9,8.6,71.0,860.8
SPL-008,Otiaseki,2021,10,8,3853.0,35.2,1115.0,28,43.0,4.8,91.3,728.8
SPL-008,Sapele,2021,11,6,3822.6,22.1,1035.0,24,13.8,42.5,67.2,952.3
SPL-008,Otiaseki,2022,1,4,3972.3,15.7,919.0,16,26.1,26.7,60.5,539.2
SPL-008,Oben,2022,5,18,2296.9,51.6,623.0,36,1.7,58.8,61.9,501.8
SPL-008,Eleme,2022,6,16,2690.0,49.2,915.0,16,46.5,153.9,67.9,394.6
SPL-008,Otiaseki,2022,7,11,3149.1,34.8,766.0,28,93.2,112.0,68.7,724.4
SPL-008,Eleme,2022,8,16,2707.2,48.0,865.0,24,13.2,92.5,71.0,385.7
SPL-008,Otiaseki,2022,9,7,3551.0,26.6,1111.0,28,3.4,16.1,98.5,794.9
SPL-008,Oben,2022,9,5,4092.0,14.7,798.0,16,13.9,117.2,97.8,577.8
SPL-008,Otiaseki,2022,10,17,2526.6,51.0,805.0,40,32.5,5.8,73.0,700.5
SPL-008,Sapele,2022,12,8,3907.4,27.6,852.0,16,8.3,27.7,97.1,545.4
SPL-008,Eleme,2023,1,8,3492.0,26.9,791.0,36,3.6,87.0,73.2,1018.9
SPL-008,Otiaseki,2023,1,16,2462.0,43.6,863.0,28,29.3,11.3,91.8,525.3
SPL-008,Eleme,2023,3,8,3837.6,28.4,945.0,20,21.5,39.8,87.6,467.2
SPL-008,Eleme,2023,3,16,2090.1,50.1,815.0,16,30.9,29.7,69.6,313.9
SPL-008,Otiaseki,2023,7,16,2840.7,51.4,812.0,28,30.3,85.0,75.2,350.5
SPL-008,Eleme,2023,7,12,3093.6,39.3,767.0,16,24.0,29.9,76.1,327.0
SPL-008,Eleme,2023,8,6,3880.7,21.3,904.0,28,56.9,41.1,95.1,915.4
SPL-008,Oben,2023,9,7,3706.9,19.3,754.0,36,20.4,231.0,72.0,1200.6
SPL-009,Otiaseki,2018,1,3,4282.8,19.1,634.0,28,77.8,9.6,69.5,981.3
SPL-009,Oben,2018,2,9,2913.0,30.5,936.0,16,17.8,28.3,79.4,430.2
SPL-009,Sapele,2018,3,13,2633.7,48.0,866.0,32,85.4,22.7,73.8,458.3
SPL-009,Oben,2018,5,14,2961.4,41.5,1056.0,16,3.8,34.0,62.0,380.6
SPL-009,Sapele,2018,5,8,3276.5,22.6,717.0,32,3.2,46.6,88.9,858.1
SPL-009,Sapele,2018,6,9,3636.6,35.8,1010.0,16,41.3,1145.3,93.2,479.3
SPL-009,Oben,2018,10,19,1945.6,50.5,697.0,32,5.7,32.4,91.2,221.9
SPL-009,Eleme,2018,10,9,3287.6,28.8,909.0,36,10.9,25.3,61.5,1010.7
SPL-009,Oben,2018,12,16,2690.9,60.8,736.0,32,71.8,15.6,88.7,433.6
SPL-009,Otiaseki,2018,12,14,2768.6,48.6,929.0,28,35.4,18.4,63.6,413.4
SPL-009,Eleme,2019,1,1,4266.9,12.8,753.0,40,39.2,95.8,66.1,1618.9
SPL-009,Oben,2019,1,11,2967.5,48.0,993.0,20,20.7,23.4,80.9,431.9
SPL-009,Sapele,2019,1,4,3646.2,14.1,780.0,28,14.0,5.4,93.5,1137.6
SPL-009,Otiaseki,2019,4,5,3652.8,12.3,578.0,32,63.9,23.7,67.8,1158.8
SPL-009,Eleme,2019,5,5,3980.6,19.2,658.0,24,76.8,248.9,96.7,863.0
SPL-009,Oben,2019,6,17,2474.7,52.4,941.0,40,18.2,315.7,98.0,666.4
SPL-009,Otiaseki,2019,7,3,4022.7,13.6,989.0,16,2.5,64.0,81.1,735.7
SPL-009,Otiaseki,2019,11,10,3401.6,34.7,1129.0,24,5.2,7.9,98.3,518.4
SPL-009,Sapele,2020,1,18,2256.5,52.0,744.0,40,66.4,28.3,76.0,431.1
SPL-009,Otiaseki,2020,2,14,2975.1,43.0,761.0,32,2.2,52.8,80.0,657.3
SPL-009,Otiaseki,2020,2,10,3141.7,29.3,597.0,28,29.3,60.1,62.4,780.2
SPL-009,Sapele,2020,2,6,3749.5,28.1,683.0,16,44.3,12.2,64.0,396.7
SPL-009,Sapele,2020,3,18,2636.2,50.2,590.0,24,42.1,23.5,78.3,418.2
SPL-009,Eleme,2020,7,12,3457.5,35.3,945.0,32,11.1,93.3,89.7,868.4
SPL-009,Otiaseki,2020,7,12,3219.7,43.0,847.0,40,23.4,251.1,78.5,891.4
SPL-009,Otiaseki,2020,10,2,4467.7,-0.4,676.0,36,16.4,93.7,71.9,1848.2
SPL-009,Otiaseki,2020,10,11,3589.9,36.6,929.0,40,31.4,32.5,71.8,1012.3
SPL-009,Sapele,2020,11,4,4163.2,18.5,589.0,32,4.9,25.9,79.7,1321.3
SPL-009,Eleme,2020,11,18,2783.5,59.2,546.0,28,71.5,13.8,64.4,301.8
SPL-009,Otiaseki,2021,1,4,3996.2,17.3,826.0,24,17.3,17.3,92.8,850.4
SPL-009,Eleme,2021,1,15,2458.9,42.3,779.0,32,0.2,55.9,80.8,526.4
SPL-009,Otiaseki,2021,3,1,4302.5,4.2,565.0,24,37.4,72.4,80.4,1157.5
SPL-009,Otiaseki,2021,3,10,3417.3,39.8,995.0,16,10.5,17.2,99.4,503.4
SPL-009,Sapele,2021,5,9,3761.4,26.7,884.0,20,10.6,224.3,98.0,649.2
SPL-009,Eleme,2021,6,15,3121.9,48.9,771.0,36,11.4,56.3,88.1,544.9
SPL-009,Eleme,2021,8,11,3163.5,39.6,727.0,32,55.7,90.4,60.6,641.7
SPL-009,Oben,2021,8,15,2901.3,55.6,1060.0,16,2.6,10.4,68.5,156.9
SPL-009,Otiaseki,2021,9,6,3440.1,21.2,843.0,32,14.1,323.5,96.6,1052.0
SPL-009,Eleme,2021,10,4,3766.9,25.4,868.0,16,4.0,45.3,89.4,607.2
SPL-009,Oben,2021,10,6,3950.5,17.6,915.0,36,74.9,73.7,64.8,1154.1
SPL-009,Sapele,2021,11,5,4254.7,22.9,976.0,24,24.8,21.7,90.1,888.7
SPL-009,Oben,2022,1,18,2377.9,52.4,918.0,24,19.0,0.2,100.0,295.3
SPL-009,Otiaseki,2022,2,9,3324.7,25.5,1179.0,16,49.3,19.9,89.5,417.7
SPL-009,Otiaseki,2022,2,11,3332.2,38.7,757.0,32,114.8,57.9,98.0,563.9
SPL-009,Oben,2022,3,15,2783.2,48.6,884.0,16,4.8,20.5,85.2,357.9
SPL-009,Otiaseki,2022,3,1,3987.4,9.6,933.0,24,11.2,11.0,88.3,1102.4
SPL-009,Otiaseki,2022,7,14,2958.4,44.1,1041.0,16,27.1,280.8,86.9,566.9
SPL-009,Oben,2022,7,1,4595.4,6.6,767.0,40,11.4,19.6,65.1,2140.9
SPL-009,Eleme,2022,9,7,3608.6,23.5,789.0,40,25.9,27.6,91.2,1296.6
SPL-009,Eleme,2022,9,10,3127.6,29.0,795.0,16,48.1,69.5,86.7,417.2
SPL-009,Otiaseki,2022,12,6,3970.6,22.3,781.0,20,8.3,7.0,63.3,619.9
SPL-009,Eleme,2023,1,1,4841.1,4.5,708.0,36,15.8,47.9,98.6,1853.6
SPL-009,Eleme,2023,2,10,3594.9,31.4,1033.0,24,6.6,27.8,83.0,617.9
SPL-009,Otiaseki,2023,3,13,2831.0,50.0,766.0,24,7.3,65.5,89.9,358.0
SPL-009,Otiaseki,2023,3,14,2878.7,40.1,843.0,32,4.8,8.4,98.9,635.4
SPL-009,Otiaseki,2023,8,6,3711.4,18.7,916.0,36,11.3,140.5,99.3,1315.0
SPL-009,Oben,2023,8,18,2401.2,52.0,998.0,36,45.2,223.8,94.6,481.7
SPL-009,Otiaseki,2023,9,15,2757.9,48.2,719.0,40,57.4,88.4,86.3,536.5
SPL-009,Oben,2023,10,10,3145.6,33.4,618.0,32,7.7,4.1,71.8,908.5
SPL-009,Oben,2023,11,5,3698.0,16.1,635.0,24,35.9,48.0,72.7,808.5
SPL-010,Oben,2018,4,8,3500.2,24.3,612.0,36,6.6,157.7,80.4,1089.4
SPL-010,Sapele,2018,4,15,2776.7,42.0,821.0,32,19.9,231.3,60.0,649.6
SPL-010,Sapele,2018,5,5,4134.4,15.1,742.0,36,15.0,520.0,67.7,1502.8
SPL-010,Eleme,2018,5,15,2373.9,50.4,676.0,36,1.1,293.6,71.5,485.6
SPL-010,Sapele,2018,5,19,2287.6,51.9,716.0,36,60.6,376.3,90.0,486.8
SPL-010,Oben,2018,7,3,4332.7,13.5,730.0,40,26.6,236.9,88.9,1848.3
SPL-010,Oben,2018,10,6,3911.0,10.1,1040.0,24,54.8,1.2,82.7,913.4
SPL-010,Oben,2019,1,10,3180.7,33.4,956.0,28,3.5,4.4,68.2,819.8
SPL-010,Eleme,2019,2,5,3620.5,28.9,759.0,36,12.4,26.3,67.8,1083.9
SPL-010,Otiaseki,2019,8,8,3132.4,28.3,862.0,20,57.9,320.6,82.3,624.3
SPL-010,Eleme,2019,9,15,2662.7,48.9,664.0,24,9.8,365.4,95.0,386.5
SPL-010,Sapele,2019,12,15,2808.2,47.2,616.0,36,24.4,93.6,92.8,660.2
SPL-010,Sapele,2020,4,10,3277.4,31.6,839.0,20,39.4,164.1,68.3,450.8
SPL-010,Oben,2020,5,4,3728.9,17.4,951.0,24,3.7,297.3,82.6,826.4
SPL-010,Eleme,2020,5,1,4382.9,6.0,979.0,16,16.5,229.6,73.8,809.0
SPL-010,Sapele,2020,6,5,3694.3,17.5,584.0,28,0.3,208.9,88.3,1112.4
SPL-010,Oben,2020,6,12,3371.1,39.6,801.0,32,13.6,9.4,70.8,765.0
SPL-010,Otiaseki,2020,7,1,4449.3,16.3,952.0,24,8.0,395.6,62.0,1134.6
SPL-010,Otiaseki,2020,11,5,3764.8,12.5,694.0,28,1.3,35.0,96.9,1057.9
SPL-010,Eleme,2020,12,15,2924.8,44.9,638.0,28,32.6,2.6,64.9,493.8
SPL-010,Eleme,2021,3,13,2998.3,43.7,668.0,28,17.9,154.7,79.6,578.1
SPL-010,Otiaseki,2021,7,14,2410.6,44.9,702.0,20,11.6,165.1,84.8,240.1
SPL-010,Eleme,2021,8,11,3286.0,37.1,658.0,40,92.2,389.6,70.6,750.5
SPL-010,Oben,2021,10,5,3749.1,29.1,622.0,16,22.6,108.4,64.1,523.2
SPL-010,Oben,2021,10,9,3709.7,30.8,815.0,24,9.8,53.8,98.8,640.8
SPL-010,Eleme,2021,12,19,2135.5,61.0,837.0,24,16.9,29.2,92.4,194.5
SPL-010,Eleme,2021,12,5,3459.1,21.0,761.0,20,56.3,6.3,84.4,517.5
SPL-010,Eleme,2021,12,16,2602.4,36.4,798.0,36,5.9,32.8,73.5,545.3
SPL-010,Otiaseki,2022,1,4,3829.7,14.7,911.0,28,59.0,8.4,88.2,874.8
SPL-010,Sapele,2022,2,13,3002.8,47.0,761.0,16,5.2,5.2,94.6,420.9
SPL-010,Eleme,2022,5,17,2619.3,57.4,1086.0,24,93.2,155.8,74.0,291.1
SPL-010,Eleme,2022,5,17,2604.5,56.0,924.0,36,78.8,12.9,84.9,500.8
SPL-010,Eleme,2022,5,11,3122.9,29.1,842.0,40,18.7,87.1,96.5,1052.7
SPL-010,Sapele,2022,8,5,3968.6,19.0,1089.0,16,25.9,138.7,82.7,509.0
SPL-010,Otiaseki,2022,9,13,2772.9,37.2,591.0,28,24.7,18.9,93.3,560.3
SPL-010,Oben,2022,9,11,3207.4,34.5,789.0,40,28.1,84.0,71.0,940.9
SPL-010,Oben,2022,11,1,4354.0,17.7,699.0,36,2.6,23.7,78.9,1521.0
SPL-010,Oben,2022,11,14,2781.1,46.4,743.0,36,34.5,26.9,74.1,685.0
SPL-010,Oben,2022,11,13,2783.9,41.1,965.0,40,1.0,4.3,79.8,908.0
SPL-010,Sapele,2023,1,4,4227.3,10.1,752.0,20,101.3,49.5,92.8,630.9
SPL-010,Oben,2023,7,17,2034.0,52.6,880.0,40,39.6,46.1,91.0,358.9
SPL-010,Eleme,2023,8,12,2980.0,31.9,617.0,16,16.1,342.5,62.6,500.9
SPL-010,Eleme,2023,11,1,4335.0,7.7,803.0,32,38.4,22.9,64.1,1434.5
SPL-010,Otiaseki,2023,11,1,4587.8,12.6,798.0,32,61.7,19.4,84.4,1262.2
SPL-010,Oben,2023,12,8,3517.4,29.9,958.0,28,8.8,44.0,81.2,964.1
SPL-011,Otiaseki,2018,1,5,3514.3,16.4,888.0,24,16.0,25.1,66.7,751.9
SPL-011,Otiaseki,2018,2,9,3375.0,27.8,829.0,36,30.7,35.9,80.2,1023.5
SPL-011,Sapele,2018,3,4,4081.5,16.6,388.0,16,54.0,61.0,94.9,649.6
SPL-011,Sapele,2018,3,8,3438.2,17.3,751.0,24,38.5,49.3,73.9,759.8
SPL-011,Sapele,2018,4,6,3899.2,19.4,597.0,20,42.7,9.0,97.8,592.5
SPL-011,Otiaseki,2018,5,4,3689.8,21.2,887.0,40,5.7,220.3,65.1,1385.3
SPL-011,Sapele,2018,6,11,3371.9,37.7,855.0,40,27.4,182.3,84.7,931.2
SPL-011,Eleme,2018,8,18,2408.0,56.7,628.0,24,23.1,181.8,95.7,223.0
SPL-011,Oben,2018,9,10,3477.1,37.8,635.0,16,11.0,574.5,91.2,433.0
SPL-011,Oben,2018,9,12,3201.9,40.6,683.0,20,52.2,929.0,66.5,304.0
SPL-011,Oben,2018,11,8,3599.6,21.8,745.0,20,65.4,24.2,75.5,733.3
SPL-011,Oben,2019,9,12,3021.3,36.9,643.0,36,8.9,390.3,95.6,729.1
SPL-011,Sapele,2019,9,19,2245.9,57.7,711.0,36,41.2,13.6,98.9,345.1
SPL-011,Sapele,2019,10,5,3651.8,15.3,972.0,28,75.6,36.7,89.4,1048.2
SPL-011,Eleme,2019,11,17,2298.3,52.1,859.0,20,60.8,109.0,93.2,198.4
SPL-011,Otiaseki,2019,12,9,3508.0,28.5,580.0,32,18.3,4.7,94.8,817.5
SPL-011,Sapele,2020,1,3,3955.3,16.9,1004.0,32,8.2,2.8,81.7,1188.1
SPL-011,Otiaseki,2020,1,5,3837.4,24.9,633.0,24,10.0,48.3,70.1,833.5
SPL-011,Otiaseki,2020,5,4,4158.2,12.7,840.0,20,4.0,229.0,95.5,825.8
SPL-011,Otiaseki,2020,6,10,3327.7,29.2,1040.0,24,41.4,264.4,65.9,670.7
SPL-011,Sapele,2020,8,12,3134.1,41.5,550.0,28,43.1,142.6,74.4,607.7
SPL-011,Oben,2020,8,18,2388.7,43.2,650.0,24,8.6,22.5,87.1,432.3
SPL-011,Otiaseki,2020,9,17,2736.9,42.9,691.0,28,12.2,349.1,70.1,464.7
SPL-011,Sapele,2020,9,2,4416.9,19.2,824.0,28,52.3,65.0,93.2,995.5
SPL-011,Otiaseki,2020,11,7,3645.9,28.6,658.0,36,99.4,0.6,67.6,990.5
SPL-011,Sapele,2020,11,4,3758.9,19.4,644.0,36,31.0,80.5,84.2,1236.9
SPL-011,Sapele,2021,1,1,4571.5,3.8,727.0,24,100.3,5.3,78.9,1150.2
SPL-011,Eleme,2021,2,5,3916.4,19.1,931.0,20,9.3,9.2,62.7,847.3
SPL-011,Eleme,2021,2,13,2795.8,47.7,732.0,20,26.9,43.3,66.6,277.0
SPL-011,Oben,2021,3,4,4113.9,21.3,764.0,20,17.5,7.9,65.8,656.9
SPL-011,Eleme,2021,6,1,4547.4,19.9,1007.0,28,8.2,261.5,75.4,1141.8
SPL-011,Sapele,2021,10,4,3985.6,20.1,694.0,28,10.4,39.3,95.4,925.2
SPL-011,Sapele,2021,10,11,3121.6,39.6,314.0,32,38.4,8.2,89.3,618.6
SPL-011,Eleme,2022,2,7,3481.2,20.7,593.0,16,19.4,47.8,88.7,384.2
SPL-011,Eleme,2022,3,15,2801.9,46.8,865.0,20,11.6,19.8,76.7,389.4
SPL-011,Eleme,2022,3,17,2082.5,49.3,1072.0,36,15.6,29.8,61.0,392.1
SPL-011,Sapele,2022,3,1,4633.4,10.2,855.0,36,86.8,45.0,96.3,1461.0
SPL-011,Eleme,2022,4,5,4268.0,24.1,919.0,24,20.2,150.0,79.3,1011.3
SPL-011,Otiaseki,2022,4,19,1874.0,59.8,947.0,36,14.1,24.1,79.5,316.7
SPL-011,Eleme,2022,7,1,4487.8,17.0,1012.0,36,7.6,302.7,68.2,1614.4
SPL-011,Sapele,2022,7,11,3028.6,32.8,905.0,20,1.1,310.7,63.0,445.1
SPL-011,Eleme,2022,10,7,4205.1,27.4,774.0,32,4.9,19.7,81.3,1169.0
SPL-011,Sapele,2022,10,19,2248.3,67.6,909.0,20,26.3,17.8,73.6,241.3
SPL-011,Sapele,2022,10,13,3121.4,42.0,613.0,36,60.5,10.3,73.5,669.2
SPL-011,Oben,2022,10,18,2024.3,60.3,789.0,20,38.6,24.6,92.0,245.9
SPL-011,Sapele,2022,11,15,2836.3,47.3,817.0,20,31.3,48.9,88.0,468.5
SPL-011,Oben,2022,11,3,4054.2,12.6,602.0,16,3.8,53.8,75.5,669.1
SPL-011,Eleme,2022,11,6,3939.1,20.6,1089.0,16,1.6,12.7,70.9,708.8
SPL-011,Eleme,2023,1,19,2064.5,67.3,863.0,24,11.6,54.9,60.5,181.3
SPL-011,Eleme,2023,2,13,2659.5,39.4,820.0,20,121.6,13.2,91.5,434.1
SPL-011,Sapele,2023,3,7,3840.4,22.8,843.0,16,56.2,3.5,88.6,591.5
SPL-011,Otiaseki,2023,3,2,4425.5,2.2,1103.0,40,38.7,147.6,70.5,1874.6
SPL-011,Sapele,2023,3,2,4312.1,15.6,669.0,28,3.2,31.9,77.3,1187.0
SPL-011,Oben,2023,6,12,2752.6,43.8,940.0,32,121.1,21.0,95.2,588.3
SPL-011,Sapele,2023,6,10,3410.1,28.3,918.0,20,7.4,61.6,62.4,439.1
SPL-011,Eleme,2023,6,19,2537.7,57.7,854.0,36,9.4,147.4,90.9,499.0
SPL-011,Oben,2023,9,11,3016.0,42.1,885.0,24,10.1,31.9,95.8,356.3
SPL-011,Sapele,2023,10,9,3376.1,13.9,909.0,32,3.2,34.4,83.3,1097.4
SPL-011,Eleme,2023,10,4,3898.2,14.0,653.0,40,11.0,18.6,89.6,1646.3
SPL-011,Sapele,2023,11,2,4469.8,8.0,769.0,32,60.4,5.2,67.4,1358.6
SPL-012,Eleme,2018,1,18,2759.2,52.8,843.0,16,13.3,10.3,89.7,194.5
SPL-012,Sapele,2018,2,17,2671.1,51.3,783.0,40,63.4,3.0,74.4,437.9
SPL-012,Oben,2018,4,7,3868.3,22.9,888.0,32,41.2,90.6,67.3,1113.2
SPL-012,Eleme,2018,5,13,2873.2,45.9,873.0,16,63.1,31.6,77.7,160.0
SPL-012,Otiaseki,2018,6,15,2757.7,44.2,684.0,24,49.7,126.9,96.4,332.4
SPL-012,Otiaseki,2018,6,8,3665.5,29.5,855.0,40,10.4,69.0,84.6,1139.6
SPL-012,Eleme,2018,9,5,4206.1,17.8,845.0,16,73.1,296.2,76.0,665.9
SPL-012,Sapele,2018,9,3,4288.9,13.4,742.0,28,16.5,254.2,66.5,1252.5
SPL-012,Eleme,2018,11,11,2950.9,31.8,764.0,24,22.1,139.4,85.4,593.9
SPL-012,Eleme,2018,12,10,3437.8,38.3,788.0,32,1.6,11.1,83.7,938.2
SPL-012,Sapele,2018,12,1,4423.6,12.1,801.0,16,58.3,51.4,77.4,687.0
SPL-012,Eleme,2018,12,2,4069.6,11.6,729.0,16,9.4,17.4,76.6,650.2
SPL-012,Oben,2019,5,4,4127.4,15.7,809.0,32,1.5,19.1,90.0,1425.3
SPL-012,Eleme,2019,5,11,3035.8,43.6,716.0,20,2.0,38.3,69.4,409.8
SPL-012,Eleme,2019,7,9,3508.7,32.8,851.0,16,5.1,207.4,94.9,437.1
SPL-012,Otiaseki,2019,9,16,2965.8,46.1,668.0,28,71.7,84.3,91.6,372.0
SPL-012,Eleme,2019,9,5,4098.4,23.5,704.0,24,1.7,401.8,84.9,884.5
SPL-012,Sapele,2019,10,16,2899.5,50.1,680.0,40,105.4,36.6,91.4,463.6
SPL-012,Oben,2019,11,12,2837.7,42.7,890.0,36,4.9,2.7,98.3,659.0
SPL-012,Eleme,2020,1,19,2391.2,58.2,655.0,20,23.6,12.9,90.0,114.1
SPL-012,Otiaseki,2020,6,4,3757.8,13.7,667.0,20,5.7,55.9,72.1,803.5
SPL-012,Oben,2020,7,1,4232.8,12.5,773.0,32,35.9,96.8,99.5,1325.1
SPL-012,Otiaseki,2021,2,9,3464.5,31.7,733.0,40,22.4,32.2,96.9,1253.7
SPL-012,Sapele,2021,8,1,4338.6,3.3,563.0,28,42.7,46.5,85.0,1237.2
SPL-012,Otiaseki,2021,9,15,2466.5,45.4,762.0,16,4.2,344.5,75.9,274.9
SPL-012,Eleme,2021,12,9,3687.0,28.9,978.0,36,0.8,46.7,92.3,1109.0
SPL-012,Otiaseki,2022,2,19,2173.6,46.0,960.0,28,32.4,34.3,60.7,266.0
SPL-012,Sapele,2022,2,4,3883.1,14.2,1109.0,24,7.6,5.7,69.1,939.5
SPL-012,Otiaseki,2022,2,10,3233.9,34.0,699.0,24,15.8,4.3,90.5,548.0
SPL-012,Oben,2022,3,17,2269.2,55.7,532.0,16,83.6,1.8,91.9,115.8
SPL-012,Eleme,2022,3,12,3014.7,31.2,805.0,24,40.8,7.1,75.9,502.6
SPL-012,Oben,2022,5,3,4048.7,3.1,748.0,24,14.1,224.1,67.8,996.6
SPL-012,Sapele,2022,6,14,3073.1,33.7,793.0,40,90.1,16.7,72.7,832.9
SPL-012,Otiaseki,2022,6,9,3857.1,29.1,822.0,36,76.1,159.8,94.9,1164.5
SPL-012,Otiaseki,2022,6,13,2753.2,36.4,828.0,40,15.1,284.8,87.2,821.7
SPL-012,Eleme,2022,10,17,2447.2,53.1,504.0,20,61.1,0.8,95.3,280.7
SPL-012,Eleme,2022,10,9,3306.4,31.2,866.0,28,42.3,0.7,92.5,752.7
SPL-012,Eleme,2022,11,19,1821.5,61.3,745.0,40,43.5,1.9,91.8,314.7
SPL-012,Oben,2022,12,8,3582.1,27.2,916.0,24,38.0,10.4,92.2,802.6
SPL-012,Eleme,2023,1,11,3541.1,34.3,787.0,32,16.4,48.7,68.6,986.9
SPL-012,Oben,2023,1,13,2903.7,50.7,972.0,32,75.4,32.5,98.9,503.3
SPL-012,Sapele,2023,3,10,3465.9,40.4,430.0,16,34.4,15.1,82.9,499.0
SPL-012,Otiaseki,2023,4,15,2685.8,42.9,1056.0,40,25.2,2.1,71.3,799.2
SPL-012,Eleme,2023,9,18,1967.8,57.0,781.0,32,2.4,313.3,64.2,264.0
SPL-012,Sapele,2023,10,10,3560.8,21.2,760.0,40,4.4,30.7,67.1,1354.0
SPL-013,Eleme,2018,1,13,2866.3,40.4,843.0,20,4.3,25.3,81.6,381.7
SPL-013,Oben,2018,2,4,4448.9,16.2,751.0,20,3.1,9.2,62.5,940.6
SPL-013,Otiaseki,2018,3,8,3156.3,30.8,836.0,24,20.4,44.3,78.3,544.1
SPL-013,Otiaseki,2018,4,15,3086.9,48.4,785.0,36,8.7,532.0,64.6,673.5
SPL-013,Otiaseki,2018,4,19,2169.0,57.6,812.0,20,5.8,49.4,77.2,205.1
SPL-013,Oben,2018,4,8,3556.0,35.8,854.0,16,26.0,27.4,66.3,434.5
SPL-013,Eleme,2018,4,10,2986.1,32.6,786.0,20,16.3,409.4,72.9,491.4
SPL-013,Otiaseki,2018,7,14,2580.0,43.2,666.0,40,16.9,55.8,71.5,535.2
SPL-013,Otiaseki,2018,7,12,3126.0,38.3,796.0,40,23.1,207.5,93.3,971.3
SPL-013,Oben,2018,7,8,3687.2,34.5,937.0,40,9.8,158.0,68.8,1244.1
SPL-013,Sapele,2018,9,9,3734.4,40.5,744.0,28,44.8,59.1,84.5,795.2
SPL-013,Eleme,2018,10,1,4370.0,5.9,1025.0,20,35.8,34.2,66.3,867.0
SPL-013,Eleme,2018,12,17,2832.0,45.1,871.0,40,6.1,49.9,63.6,816.7
SPL-013,Oben,2018,12,18,2160.5,47.2,867.0,28,5.2,17.0,89.0,390.1
SPL-013,Otiaseki,2018,12,11,3255.5,33.5,810.0,28,63.6,69.5,83.4,695.0
SPL-013,Sapele,2018,12,14,2750.4,47.2,674.0,24,12.2,50.8,67.7,191.2
SPL-013,Oben,2019,5,4,4261.3,6.7,1030.0,24,2.4,112.4,84.3,1157.0
SPL-013,Sapele,2019,7,16,2653.5,47.6,714.0,28,53.0,45.6,90.7,382.8
SPL-013,Eleme,2019,7,18,2461.2,56.2,811.0,28,10.4,291.0,89.0,405.2
SPL-013,Otiaseki,2019,8,6,3392.3,28.9,490.0,32,3.5,126.0,98.7,755.4
SPL-013,Sapele,2019,8,9,3475.4,27.4,688.0,40,12.8,166.6,83.1,1059.1
SPL-013,Otiaseki,2019,8,12,3163.1,40.3,913.0,28,15.0,44.1,67.2,425.9
SPL-013,Oben,2019,8,11,3124.4,34.7,504.0,24,28.2,102.2,78.1,503.2
SPL-013,Sapele,2019,12,8,3677.5,28.9,742.0,36,16.5,1.4,63.3,1060.0
SPL-013,Sapele,2019,12,14,2679.7,39.3,837.0,24,57.5,35.5,74.0,457.3
SPL-013,Oben,2019,12,10,3019.9,40.7,634.0,40,61.0,7.7,87.0,880.1
SPL-013,Oben,2020,2,10,3149.0,37.7,727.0,32,17.2,7.6,97.0,796.4
SPL-013,Eleme,2020,2,13,2752.1,42.9,832.0,36,22.0,115.2,75.3,731.0
SPL-013,Sapele,2020,4,14,2986.7,40.3,667.0,32,18.0,47.4,65.5,663.9
SPL-013,Eleme,2020,4,17,2748.0,53.4,907.0,32,14.9,39.1,84.1,493.7
SPL-013,Otiaseki,2020,4,16,2459.4,50.0,827.0,28,14.0,36.5,80.6,127.9
SPL-013,Otiaseki,2020,6,18,2556.3,45.8,661.0,24,9.2,65.2,93.0,349.3
SPL-013,Sapele,2020,8,8,3562.3,28.2,621.0,40,0.6,111.7,87.1,1094.1
SPL-013,Eleme,2020,8,1,4639.7,6.6,579.0,36,0.2,352.4,82.8,1902.5
SPL-013,Eleme,2020,8,13,2838.8,40.0,763.0,16,7.3,24.4,71.7,261.4
SPL-013,Otiaseki,2020,11,14,2743.2,45.2,858.0,36,12.5,16.3,69.8,656.4
SPL-013,Eleme,2020,11,12,3175.2,37.2,587.0,32,17.7,57.6,86.1,778.9
SPL-013,Eleme,2021,4,4,4151.5,18.8,615.0,20,8.0,1.9,62.7,892.1
SPL-013,Sapele,2021,10,3,4235.1,21.1,729.0,32,3.4,22.7,66.0,1126.6
SPL-013,Eleme,2021,11,1,4492.3,7.1,867.0,36,11.6,67.0,93.4,1786.2
SPL-013,Oben,2022,4,11,3221.1,39.2,527.0,40,7.2,40.9,87.3,996.6
SPL-013,Otiaseki,2022,7,6,3851.0,30.8,603.0,40,0.5,10.2,90.1,1276.9
SPL-013,Otiaseki,2022,7,2,3810.8,9.9,966.0,36,6.6,30.3,84.7,1351.4
SPL-013,Sapele,2022,10,14,2719.6,39.0,677.0,24,169.7,66.8,79.3,493.7
SPL-013,Otiaseki,2022,10,12,3135.5,36.9,720.0,36,6.4,48.3,72.9,871.3
SPL-013,Sapele,2023,3,2,3797.6,10.6,872.0,28,52.5,98.4,95.7,1154.9
SPL-013,Eleme,2023,4,3,3945.8,18.0,717.0,36,67.8,176.2,96.2,1153.3
SPL-013,Oben,2023,7,4,3951.3,11.5,688.0,24,46.6,78.0,88.0,922.3
SPL-013,Oben,2023,10,14,2475.4,47.5,484.0,20,26.6,6.5,90.9,335.5
SPL-014,Otiaseki,2018,1,9,2880.2,38.7,679.0,20,2.6,15.5,96.5,452.2
SPL-014,Otiaseki,2018,2,17,2202.9,58.3,882.0,24,56.2,11.6,91.5,281.2
SPL-014,Oben,2018,2,6,3784.7,25.0,854.0,24,17.5,74.4,81.5,759.7
SPL-014,Sapele,2018,4,15,2699.9,44.1,867.0,40,44.2,126.7,64.5,677.1
SPL-014,Oben,2018,5,2,4218.0,10.8,690.0,24,25.3,44.7,63.3,1050.2
SPL-014,Eleme,2018,5,8,3587.9,21.0,684.0,20,61.1,253.8,92.7,480.8
SPL-014,Eleme,2018,6,12,3403.4,39.8,664.0,40,5.1,299.5,88.3,1036.6
SPL-014,Oben,2018,8,2,4051.7,11.9,809.0,28,24.0,239.3,87.5,1177.4
SPL-014,Eleme,2018,9,13,3152.7,37.9,714.0,32,11.4,85.6,93.3,524.3
SPL-014,Eleme,2018,9,6,3895.0,16.9,848.0,32,57.4,211.9,87.3,1211.2
SPL-014,Oben,2019,2,18,2227.9,66.0,713.0,32,11.4,30.4,87.3,192.3
SPL-014,Eleme,2019,10,4,4278.6,16.1,809.0,28,50.4,43.6,89.5,1024.8
SPL-014,Sapele,2020,3,19,2204.6,52.1,933.0,36,14.7,98.1,60.6,508.2
SPL-014,Sapele,2020,3,13,3005.6,29.2,545.0,16,69.2,31.2,94.3,335.1
SPL-014,Otiaseki,2020,4,19,2424.9,63.7,993.0,16,12.5,482.8,82.5,178.8
SPL-014,Oben,2020,5,2,4549.4,7.3,549.0,20,57.0,38.7,72.3,972.6
SPL-014,Oben,2020,7,13,2806.6,45.4,667.0,24,5.8,385.5,80.9,289.0
SPL-014,Oben,2020,8,17,2682.7,51.9,972.0,36,13.1,95.0,98.9,582.3
SPL-014,Oben,2020,9,1,4564.6,9.8,725.0,36,3.1,241.4,76.4,1753.2
SPL-014,Oben,2020,10,6,3509.8,20.5,733.0,24,15.1,52.2,62.2,768.0
SPL-014,Otiaseki,2020,11,7,3812.0,27.7,1210.0,28,19.1,4.6,77.3,824.5
SPL-014,Sapele,2021,2,8,3857.6,24.0,840.0,20,6.7,8.0,63.2,720.5
SPL-014,Otiaseki,2021,4,2,3900.8,15.8,868.0,32,3.1,42.9,67.0,1175.4
SPL-014,Sapele,2021,6,2,4183.6,11.3,932.0,16,73.2,250.0,65.8,540.0
SPL-014,Otiaseki,2021,8,6,3896.7,22.4,815.0,28,6.1,8.2,68.7,1002.3
SPL-014,Oben,2021,8,19,2049.1,67.5,696.0,20,8.6,119.7,61.2,230.4
SPL-014,Sapele,2021,10,3,4172.6,15.0,959.0,40,6.7,0.4,71.2,1676.1
SPL-014,Oben,2021,12,14,2721.4,44.4,664.0,36,6.2,4.8,62.1,653.5
SPL-014,Eleme,2022,4,10,3145.8,39.9,932.0,20,29.4,176.5,77.3,402.0
SPL-014,Eleme,2022,5,16,2518.9,52.3,669.0,16,5.4,2.2,80.3,238.8
SPL-014,Oben,2022,7,8,3926.6,36.8,906.0,32,7.0,147.6,80.3,1137.6
SPL-014,Sapele,2022,8,16,2607.6,43.9,616.0,36,2.9,7.5,67.9,684.8
SPL-014,Oben,2023,4,18,2075.2,62.6,764.0,36,15.4,242.7,93.6,316.6
SPL-014,Otiaseki,2023,5,15,2461.3,47.5,932.0,36,21.8,155.4,83.9,826.1
SPL-014,Eleme,2023,6,7,4001.3,28.0,995.0,28,37.7,46.6,78.6,995.2
SPL-014,Oben,2023,7,10,3459.9,22.2,973.0,32,2.8,20.2,67.1,1003.4
SPL-014,Otiaseki,2023,10,10,3081.8,42.9,678.0,40,9.4,5.0,69.7,844.2
SPL-014,Sapele,2023,11,10,3418.9,30.3,1033.0,36,4.1,7.9,86.4,869.2
SPL-014,Otiaseki,2023,12,4,4060.9,10.1,639.0,28,44.9,10.4,80.8,1222.0
SPL-015,Sapele,2018,1,15,2654.2,40.0,634.0,36,10.8,8.5,94.3,421.9
SPL-015,Eleme,2018,4,17,2410.5,60.1,843.0,36,10.7,421.7,87.0,320.0
SPL-015,Eleme,2018,6,13,2783.4,34.1,922.0,32,40.3,270.5,68.2,586.8
SPL-015,Eleme,2018,8,9,3438.6,22.8,993.0,24,44.2,64.5,84.0,569.5
SPL-015,Oben,2018,9,7,3633.0,13.6,775.0,20,7.0,782.9,66.3,618.5
SPL-015,Sapele,2018,10,2,4424.0,8.5,868.0,40,11.5,24.5,70.0,1961.1
SPL-015,Oben,2018,11,6,3745.6,30.7,866.0,36,41.3,21.8,90.9,999.0
SPL-015,Oben,2018,11,1,4373.9,10.5,695.0,28,6.4,50.6,89.0,1291.0
SPL-015,Sapele,2018,12,10,2749.4,33.1,781.0,16,90.2,9.9,81.5,310.0
SPL-015,Oben,2018,12,14,2917.3,48.1,822.0,20,62.3,3.1,65.5,298.6
SPL-015,Oben,2019,1,8,3689.0,29.7,734.0,20,39.9,10.4,72.9,511.3
SPL-015,Eleme,2019,4,16,2532.5,51.1,1082.0,24,50.1,24.6,60.3,314.7
SPL-015,Oben,2019,9,6,3773.0,24.0,761.0,40,15.7,223.9,65.0,1245.6
SPL-015,Sapele,2019,10,19,2764.1,60.0,715.0,16,20.6,73.3,61.7,275.9
SPL-015,Oben,2020,1,6,3799.6,29.3,788.0,16,24.4,1.5,91.8,540.9
SPL-015,Sapele,2020,2,10,3454.2,27.2,814.0,40,11.5,0.7,76.7,1357.8
SPL-015,Oben,2020,10,4,4158.0,25.1,726.0,28,37.9,4.9,77.1,931.8
SPL-015,Otiaseki,2020,11,17,2864.1,49.5,915.0,40,2.0,16.3,73.1,724.3
SPL-015,Eleme,2021,2,17,2653.7,54.7,737.0,16,49.6,34.3,75.9,220.9
SPL-015,Sapele,2021,6,8,3631.9,22.0,575.0,16,50.4,40.4,73.1,596.0
SPL-015,Eleme,2021,7,19,2160.7,54.5,1103.0,20,19.0,39.9,79.0,247.3
SPL-015,Oben,2021,7,19,2340.9,64.0,648.0,40,8.3,497.1,71.7,477.7
SPL-015,Sapele,2021,7,7,3774.9,28.9,1067.0,36,55.1,49.5,88.9,1009.9
SPL-015,Otiaseki,2021,7,18,2521.0,57.0,701.0,36,6.7,11.9,98.9,485.0
SPL-015,Sapele,2021,10,10,3140.9,34.2,828.0,16,79.9,14.8,66.7,400.8
SPL-015,Otiaseki,2021,12,18,2187.5,59.3,718.0,40,0.2,17.2,95.4,402.2
SPL-015,Otiaseki,2022,1,6,3583.7,23.0,454.0,40,14.2,41.9,72.9,1429.1
SPL-015,Otiaseki,2022,1,6,4036.8,17.2,833.0,28,9.8,2.6,95.1,894.0
SPL-015,Eleme,2022,1,12,3248.8,29.4,889.0,32,30.7,11.5,81.0,821.8
SPL-015,Sapele,2022,4,4,3845.8,17.7,838.0,28,4.5,257.6,87.4,938.1
SPL-015,Sapele,2022,4,19,2227.1,62.5,916.0,32,42.2,53.4,95.8,219.5
SPL-015,Oben,2022,5,4,4011.8,15.5,820.0,24,36.0,10.8,84.8,815.9
SPL-015,Eleme,2022,9,11,3255.6,28.5,777.0,36,11.9,18.7,75.3,980.9
SPL-015,Otiaseki,2022,10,13,2881.8,45.3,663.0,24,15.4,47.1,70.7,357.9
SPL-015,Otiaseki,2022,12,19,2675.9,54.8,874.0,28,10.1,127.2,99.5,303.4
SPL-015,Oben,2022,12,18,2356.3,54.9,648.0,28,9.2,53.2,63.4,316.7
SPL-015,Eleme,2023,2,2,4458.3,17.8,1010.0,40,18.0,5.8,64.3,1643.2
SPL-015,Sapele,2023,5,13,3009.7,42.2,512.0,28,22.2,214.8,79.4,424.8
SPL-015,Sapele,2023,7,19,2039.0,59.8,674.0,40,44.7,152.6,80.8,328.2
SPL-015,Oben,2023,7,19,2331.7,65.1,771.0,24,4.7,19.7,88.9,296.9
SPL-015,Oben,2023,7,5,3812.0,17.2,947.0,40,55.7,3.2,76.5,1291.5
SPL-015,Oben,2023,10,18,2642.6,51.0,701.0,40,51.8,16.8,60.8,560.0
SPL-015,Sapele,2023,10,1,4066.4,13.2,917.0,20,86.0,2.2,84.7,611.0
SPL-015,Otiaseki,2023,12,4,4172.1,15.8,871.0,40,9.3,203.3,62.5,1550.3
SPL-016,Oben,2018,2,13,3193.7,32.9,945.0,40,4.6,22.8,80.9,1098.1
SPL-016,Otiaseki,2018,3,18,2457.4,50.2,608.0,16,49.8,28.4,99.8,309.1
SPL-016,Oben,2018,3,5,3421.7,23.9,618.0,24,22.4,88.6,60.6,731.7
SPL-016,Eleme,2018,7,11,3225.1,48.4,874.0,16,17.9,281.1,73.8,292.0
SPL-016,Eleme,2018,10,2,4306.4,15.2,808.0,20,51.5,29.8,64.8,732.2
SPL-016,Sapele,2018,10,12,3053.1,38.9,852.0,20,8.2,43.1,61.1,518.3
SPL-016,Otiaseki,2018,10,2,4288.9,8.0,1065.0,28,51.8,25.1,94.2,1306.8
SPL-016,Eleme,2018,10,16,2243.4,54.0,1023.0,16,58.8,33.4,90.7,150.3
SPL-016,Eleme,2018,12,17,2425.8,51.9,693.0,40,25.4,26.5,78.3,567.3
SPL-016,Otiaseki,2019,4,14,2938.7,48.2,885.0,32,1.5,141.9,64.4,490.5
SPL-016,Sapele,2019,7,4,4012.6,18.2,636.0,20,2.2,46.9,80.0,701.5
SPL-016,Sapele,2019,8,13,2941.5,44.7,712.0,24,33.9,32.1,72.6,410.0
SPL-016,Oben,2019,8,12,3134.8,43.4,932.0,20,21.7,28.9,82.2,447.8
SPL-016,Eleme,2019,9,17,2753.8,45.0,581.0,32,25.6,174.3,68.8,531.5
SPL-016,Sapele,2019,11,4,3591.9,14.9,904.0,28,41.8,14.5,92.6,939.9
SPL-016,Otiaseki,2020,2,12,3031.8,32.0,753.0,20,12.1,22.9,96.9,399.6
SPL-016,Sapele,2020,2,3,4011.4,14.2,770.0,16,40.8,29.6,83.4,627.1
SPL-016,Eleme,2020,3,3,3719.7,9.1,871.0,16,3.8,15.9,73.2,767.8
SPL-016,Otiaseki,2020,5,3,4332.8,17.4,809.0,24,27.6,210.7,93.1,1123.5
SPL-016,Oben,2020,7,14,2469.1,45.3,862.0,16,11.3,78.6,99.1,320.9
SPL-016,Eleme,2020,8,12,2779.4,38.7,757.0,20,10.8,174.3,61.6,359.4
SPL-016,Eleme,2020,10,2,4183.6,13.5,1001.0,24,0.4,22.2,68.5,867.9
SPL-016,Eleme,2020,11,15,2825.5,43.7,1016.0,36,14.2,5.9,65.4,697.7
SPL-016,Eleme,2021,1,6,3773.3,24.8,730.0,16,29.2,8.2,94.2,517.3
SPL-016,Eleme,2021,1,19,2408.7,56.6,855.0,24,124.4,40.1,74.7,229.1
SPL-016,Sapele,2021,3,17,2564.9,42.6,623.0,32,10.7,100.5,97.8,352.2
SPL-016,Eleme,2021,5,5,3805.4,25.1,699.0,32,34.6,60.1,90.7,1011.4
SPL-016,Sapele,2021,6,8,4007.9,25.5,767.0,36,8.2,169.8,77.3,1332.6
SPL-016,Sapele,2021,7,18,2310.7,59.9,968.0,28,31.5,169.6,90.7,342.3
SPL-016,Eleme,2021,8,13,2800.9,44.3,861.0,32,67.7,17.7,94.1,627.3
SPL-016,Otiaseki,2021,8,5,4199.3,26.0,759.0,20,10.7,27.8,90.5,825.7
SPL-016,Otiaseki,2021,10,4,3776.8,12.5,603.0,24,3.2,26.6,76.3,877.2
SPL-016,Eleme,2021,11,17,2725.4,55.5,670.0,24,37.6,22.1,61.7,428.7
SPL-016,Sapele,2021,11,4,3794.1,10.3,675.0,32,49.0,12.4,76.4,1153.3
SPL-016,Oben,2022,2,15,2552.8,49.8,1093.0,36,11.3,43.9,68.8,464.8
SPL-016,Eleme,2022,2,17,2479.9,51.0,788.0,16,77.3,30.7,87.4,178.3
SPL-016,Eleme,2022,4,2,4571.1,8.1,732.0,36,47.0,128.0,83.2,1697.0
SPL-016,Eleme,2022,8,5,3648.6,19.6,661.0,36,7.7,501.7,87.1,1408.2
SPL-016,Eleme,2022,8,6,3759.0,21.9,814.0,24,12.1,439.2,71.4,819.0
SPL-016,Oben,2022,10,3,4002.0,17.5,867.0,16,48.8,50.3,68.1,613.2
SPL-016,Sapele,2022,10,7,3636.2,14.4,681.0,32,3.3,2.0,85.5,1282.3
SPL-016,Oben,2023,1,11,3040.2,33.3,1096.0,16,79.8,33.0,79.5,417.6
SPL-016,Otiaseki,2023,2,5,3882.6,13.4,799.0,24,28.3,27.3,77.6,978.4
SPL-016,Sapele,2023,3,8,3509.9,26.9,851.0,40,12.6,26.5,63.2,1276.7
SPL-016,Eleme,2023,6,10,3140.4,32.1,502.0,36,9.8,107.6,84.9,901.2
SPL-016,Sapele,2023,9,16,2730.2,40.5,535.0,24,5.1,114.2,63.5,338.3
SPL-016,Eleme,2023,9,5,3776.0,22.8,925.0,20,9.0,35.0,82.0,831.1
SPL-016,Otiaseki,2023,11,17,2593.8,54.8,748.0,28,12.0,25.7,63.9,415.3
SPL-016,Sapele,2023,12,15,2929.3,38.0,811.0,32,49.2,93.1,67.0,559.0
SPL-017,Sapele,2018,1,11,3155.1,34.9,872.0,32,1.4,5.3,99.3,666.3
SPL-017,Eleme,2018,1,3,4039.5,16.0,747.0,20,36.0,26.6,75.7,704.7
SPL-017,Otiaseki,2018,2,7,3821.8,29.4,841.0,40,4.5,77.0,91.0,1324.3
SPL-017,Oben,2018,2,15,2793.2,49.6,1018.0,28,9.3,38.4,93.3,431.7
SPL-017,Sapele,2018,3,4,4176.5,12.3,785.0,28,18.7,34.3,97.4,1222.0
SPL-017,Otiaseki,2018,3,6,3425.3,24.2,779.0,28,52.9,5.5,73.2,818.4
SPL-017,Eleme,2018,4,19,2391.2,61.4,852.0,40,10.0,63.5,95.8,465.1
SPL-017,Oben,2018,4,7,3565.0,20.0,774.0,40,8.0,250.6,71.8,1355.4
SPL-017,Eleme,2018,4,19,2488.8,57.2,635.0,36,11.6,107.5,96.9,522.8
SPL-017,Eleme,2018,6,14,2551.0,40.8,675.0,28,7.8,38.3,60.6,558.6
SPL-017,Eleme,2018,7,8,3490.9,33.9,603.0,28,26.0,46.1,60.7,613.6
SPL-017,Sapele,2018,8,2,4701.0,11.1,614.0,32,28.6,109.7,81.2,1552.8
SPL-017,Oben,2018,8,13,2977.2,46.6,825.0,32,20.4,37.3,95.8,480.3
SPL-017,Otiaseki,2018,11,8,4043.2,29.3,970.0,16,2.4,36.9,89.4,602.4
SPL-017,Eleme,2018,12,15,3051.0,46.6,565.0,36,77.2,29.5,69.8,720.4
SPL-017,Oben,2018,12,3,4095.1,4.4,832.0,40,2.7,14.9,94.4,1891.8
SPL-017,Sapele,2019,1,14,2802.4,51.9,699.0,36,36.5,13.3,76.7,512.9
SPL-017,Oben,2019,2,19,2162.4,59.7,958.0,32,12.6,36.6,78.5,368.7
SPL-017,Eleme,2019,2,12,3283.7,36.2,977.0,16,8.6,4.8,73.7,473.8
SPL-017,Eleme,2019,3,16,2530.4,50.1,1040.0,28,14.1,19.3,78.7,326.4
SPL-017,Eleme,2019,4,11,2821.0,35.5,620.0,24,49.8,25.8,81.8,505.8
SPL-017,Sapele,2019,5,15,2842.4,46.6,750.0,20,105.9,114.5,72.4,190.5
SPL-017,Eleme,2019,5,9,2883.3,26.9,797.0,28,39.3,395.0,69.3,850.0
SPL-017,Otiaseki,2019,7,6,3762.6,13.4,874.0,16,25.5,247.6,78.9,462.6
SPL-017,Eleme,2019,11,15,2366.4,36.8,870.0,36,8.5,6.3,97.3,487.8
SPL-017,Otiaseki,2020,5,18,2255.5,51.1,812.0,16,18.0,33.3,81.3,253.7
SPL-017,Sapele,2020,5,8,4067.8,27.0,686.0,36,10.6,818.0,99.2,1189.6
SPL-017,Eleme,2020,6,10,2886.3,36.4,700.0,36,18.5,46.1,97.8,540.3
SPL-017,Eleme,2020,7,15,2586.9,50.2,591.0,32,53.3,75.2,62.6,504.5
SPL-017,Oben,2020,8,12,3087.6,39.1,697.0,40,4.0,23.4,86.2,944.8
SPL-017,Eleme,2020,12,19,2351.9,46.0,725.0,20,0.8,5.9,86.7,264.1
SPL-017,Sapele,2021,2,6,3754.3,25.4,879.0,24,53.6,22.2,78.7,685.8
SPL-017,Sapele,2021,2,9,3485.2,33.4,931.0,16,3.9,10.6,65.0,516.9
SPL-017,Oben,2021,4,12,3407.2,39.3,819.0,20,67.4,136.8,73.5,391.5
SPL-017,Sapele,2021,4,9,3163.5,38.6,688.0,20,19.2,13.4,88.8,383.9
SPL-017,Eleme,2021,4,13,3042.0,40.6,910.0,32,21.9,13.1,86.6,770.3
SPL-017,Otiaseki,2021,5,10,2999.4,31.5,825.0,40,1.7,95.0,73.7,952.0
SPL-017,Otiaseki,2021,6,19,2172.0,66.6,623.0,28,5.6,4.1,97.7,213.5
SPL-017,Eleme,2021,9,17,2100.8,49.1,699.0,20,12.3,157.1,64.6,359.6
SPL-017,Eleme,2021,11,6,4093.0,15.0,606.0,24,99.0,96.5,78.6,885.2
SPL-017,Otiaseki,2021,11,1,4166.2,4.3,910.0,16,21.6,35.4,70.2,772.1
SPL-017,Otiaseki,2022,1,16,2580.6,51.0,1053.0,28,30.9,44.3,66.4,394.0
SPL-017,Sapele,2022,4,3,4079.2,15.1,1066.0,40,2.9,5.6,94.1,1612.1
SPL-017,Oben,2022,5,12,2924.6,35.2,460.0,28,9.5,188.7,89.6,623.7
SPL-017,Sapele,2022,8,2,4251.6,16.7,821.0,32,99.9,125.6,72.9,1178.1
SPL-017,Oben,2022,9,16,2537.5,51.9,987.0,32,10.5,295.8,61.7,512.9
SPL-017,Otiaseki,2022,10,18,2448.3,45.7,835.0,28,12.9,104.5,89.7,393.5
SPL-017,Eleme,2022,12,2,4193.0,14.3,812.0,28,46.0,14.4,93.4,1215.4
SPL-017,Otiaseki,2022,12,1,4499.6,6.1,932.0,28,50.5,1.6,82.8,1286.6
SPL-017,Sapele,2023,1,8,3571.6,29.4,883.0,32,20.4,4.6,87.8,919.7
SPL-017,Sapele,2023,1,19,2328.0,59.9,591.0,32,0.0,96.1,80.1,297.7
SPL-017,Sapele,2023,3,6,3355.8,23.5,956.0,16,68.3,8.0,85.4,424.9
SPL-017,Otiaseki,2023,5,11,3142.2,26.8,990.0,40,44.4,109.3,88.1,1007.5
SPL-017,Oben,2023,5,9,3668.3,19.1,364.0,36,12.9,283.8,73.5,1309.3
SPL-017,Oben,2023,6,12,3222.7,37.9,771.0,36,94.4,78.0,87.8,645.8
SPL-017,Otiaseki,2023,7,7,3341.5,27.0,1159.0,40,20.5,56.8,87.5,1078.1
SPL-017,Eleme,2023,8,12,3042.3,26.8,900.0,32,38.3,348.5,91.1,816.4
SPL-017,Oben,2023,9,8,3691.6,26.9,988.0,28,37.0,359.8,67.2,992.3
SPL-017,Sapele,2023,10,14,2839.3,40.0,814.0,24,45.4,43.2,65.2,432.9
SPL-017,Sapele,2023,12,2,4638.0,2.4,593.0,32,22.3,69.4,90.1,1618.3
SPL-018,Eleme,2018,1,6,3880.3,27.4,542.0,16,28.0,11.7,60.4,457.2
SPL-018,Sapele,2018,4,17,2277.0,40.8,716.0,40,42.5,7.1,79.4,654.9
SPL-018,Sapele,2018,4,15,2704.8,50.1,680.0,24,23.8,306.0,81.0,328.9
SPL-018,Eleme,2018,5,12,2753.1,25.3,720.0,36,2.1,55.6,66.7,972.0
SPL-018,Otiaseki,2018,6,5,3909.0,25.4,1201.0,20,32.0,224.6,64.0,693.0
SPL-018,Sapele,2018,6,18,2578.6,53.3,982.0,20,89.4,197.8,79.2,128.7
SPL-018,Otiaseki,2018,6,14,2782.4,33.2,592.0,40,59.0,169.5,80.2,854.0
SPL-018,Sapele,2018,6,1,4174.1,9.1,799.0,40,2.4,36.3,67.5,1715.1
SPL-018,Otiaseki,2018,7,12,3163.3,30.4,971.0,36,53.4,220.8,67.5,933.4
SPL-018,Otiaseki,2018,8,5,3749.9,19.3,815.0,28,50.2,196.4,71.4,932.7
SPL-018,Otiaseki,2018,11,1,4415.6,-4.1,995.0,24,9.8,4.7,78.9,1334.8
SPL-018,Eleme,2018,12,15,2620.0,47.9,635.0,24,4.9,38.0,95.4,272.7
SPL-018,Oben,2019,1,9,3452.9,32.7,924.0,16,65.8,10.6,67.0,300.7
SPL-018,Otiaseki,2019,2,3,4074.7,14.1,903.0,20,40.6,4.5,72.8,768.9
SPL-018,Oben,2019,2,18,2401.5,61.6,554.0,28,10.1,12.3,74.5,427.6
SPL-018,Eleme,2019,2,13,3137.3,34.6,1247.0,20,10.7,20.6,97.0,540.2
SPL-018,Sapele,2019,3,19,2399.2,63.1,798.0,32,72.5,17.2,65.0,405.9
SPL-018,Eleme,2019,4,15,2445.8,50.1,807.0,24,17.1,16.9,96.0,351.7
SPL-018,Otiaseki,2019,4,5,3806.0,27.3,646.0,40,106.8,0.1,97.4,966.6
SPL-018,Otiaseki,2019,4,17,2628.6,58.0,797.0,32,40.8,77.7,76.9,390.1
SPL-018,Oben,2019,5,10,3185.2,34.9,845.0,36,65.0,92.2,71.7,870.9
SPL-018,Eleme,2019,6,12,2607.6,42.4,786.0,20,12.2,362.8,69.7,469.9
SPL-018,Oben,2019,7,10,3315.7,36.3,888.0,16,65.2,174.4,99.8,359.0
SPL-018,Otiaseki,2019,7,14,3170.7,41.9,650.0,28,45.5,57.4,82.4,616.4
SPL-018,Sapele,2019,8,13,3089.5,45.5,753.0,32,0.3,194.9,71.1,501.7
SPL-018,Oben,2019,8,6,3725.7,22.0,855.0,16,4.6,8.4,83.1,596.7
SPL-018,Oben,2019,8,2,4499.4,18.1,937.0,40,28.9,50.2,85.5,1751.0
SPL-018,Sapele,2019,11,15,3094.1,56.5,782.0,28,37.4,1.6,82.2,263.7
SPL-018,Eleme,2019,12,13,2998.0,42.2,829.0,16,14.0,8.4,60.3,308.5
SPL-018,Eleme,2020,1,12,3155.4,38.0,1020.0,32,7.9,18.0,71.1,720.7
SPL-018,Oben,2020,2,12,3451.4,36.9,940.0,32,13.5,45.0,83.2,805.5
SPL-018,Eleme,2020,5,14,2695.9,43.9,809.0,28,64.7,209.2,96.3,555.2
SPL-018,Otiaseki,2020,5,6,3733.2,25.6,1002.0,24,45.6,152.6,78.1,671.3
SPL-018,Sapele,2020,6,11,2786.3,37.2,665.0,20,103.9,73.3,72.7,216.7
SPL-018,Otiaseki,2020,6,4,3832.8,20.8,813.0,28,44.3,93.3,94.8,923.2
SPL-018,Eleme,2020,7,5,3712.5,11.6,866.0,32,16.7,93.4,68.0,1177.1
SPL-018,Eleme,2020,8,7,3567.1,20.9,724.0,24,14.0,68.5,71.3,897.6
SPL-018,Sapele,2020,8,17,2562.7,46.9,768.0,28,23.9,138.8,87.9,573.7
SPL-018,Otiaseki,2020,11,4,3982.1,10.2,1125.0,32,45.3,126.5,81.0,1253.9
SPL-018,Eleme,2020,11,13,3034.1,47.0,639.0,40,12.3,38.0,89.1,711.3
SPL-018,Otiaseki,2020,12,10,3395.3,34.4,646.0,40,31.6,0.4,99.7,1000.1
SPL-018,Eleme,2020,12,11,3042.3,28.0,818.0,32,0.5,5.8,97.8,880.8
SPL-018,Oben,2021,2,15,3125.0,47.5,883.0,40,43.8,68.0,93.8,610.7
SPL-018,Eleme,2021,3,2,3933.9,15.4,940.0,20,7.6,4.8,73.1,706.7
SPL-018,Sapele,2021,4,11,3022.9,25.2,506.0,28,4.2,225.6,63.9,772.9
SPL-018,Sapele,2021,5,4,3892.8,14.8,989.0,28,2.5,77.6,66.3,1085.0
SPL-018,Eleme,2021,6,12,3048.1,41.1,572.0,32,73.9,267.1,61.2,591.4
SPL-018,Sapele,2021,7,11,3212.9,43.7,554.0,32,30.6,551.3,64.2,649.6
SPL-018,Sapele,2021,9,2,4377.4,8.8,822.0,16,16.0,87.6,87.7,675.1
SPL-018,Otiaseki,2021,12,2,4565.0,17.4,890.0,32,4.6,5.7,61.2,1420.4
SPL-018,Otiaseki,2021,12,16,2651.5,53.7,736.0,24,41.3,24.0,69.4,111.6
SPL-018,Sapele,2022,1,16,2619.9,43.4,824.0,28,0.3,60.4,70.8,449.9
SPL-018,Eleme,2022,1,3,4233.6,19.9,736.0,16,42.9,154.9,75.4,729.4
SPL-018,Oben,2022,2,6,3625.2,25.5,728.0,40,28.3,17.5,85.3,1175.3
SPL-018,Sapele,2022,2,3,4305.2,21.4,734.0,32,9.0,11.4,82.2,1224.9
SPL-018,Oben,2022,2,12,3403.9,44.2,574.0,32,20.5,7.8,90.5,628.5
SPL-018,Oben,2022,2,13,2952.6,46.4,776.0,16,32.0,129.1,76.8,331.4
SPL-018,Eleme,2022,7,1,4292.4,14.5,671.0,40,97.9,56.5,82.5,1532.9
SPL-018,Oben,2022,7,2,4168.9,8.6,610.0,16,155.9,41.6,65.3,618.1
SPL-018,Eleme,2022,7,7,3868.9,26.5,773.0,20,27.4,331.0,97.0,610.8
SPL-018,Oben,2022,7,6,3568.0,9.2,715.0,32,93.7,63.2,66.3,1112.3
SPL-018,Oben,2022,10,10,2951.9,35.5,743.0,24,7.3,1.6,75.2,480.5
SPL-018,Otiaseki,2022,10,16,2702.1,39.7,872.0,24,67.5,14.5,72.2,437.2
SPL-018,Eleme,2022,11,11,2870.2,34.4,633.0,28,68.1,18.1,84.9,575.0
SPL-018,Sapele,2023,7,9,3146.0,36.8,657.0,28,9.2,203.0,78.7,645.7
SPL-018,Sapele,2023,10,17,2600.0,58.9,732.0,16,10.3,19.1,70.3,132.3
SPL-019,Oben,2018,1,7,4022.8,18.1,1081.0,16,2.3,7.2,93.1,621.0
SPL-019,Eleme,2018,1,11,3333.5,38.2,708.0,16,19.0,2.9,81.0,400.0
SPL-019,Sapele,2018,2,3,4145.9,16.8,717.0,20,4.3,118.6,67.2,822.0
SPL-019,Eleme,2018,9,11,2943.0,36.9,759.0,24,36.6,13.9,69.9,572.8
SPL-019,Eleme,2018,9,5,4212.9,23.1,730.0,20,25.4,159.7,97.0,779.0
SPL-019,Eleme,2018,10,6,3948.2,22.7,770.0,32,51.3,10.2,75.1,1084.2
SPL-019,Eleme,2018,10,16,2782.5,45.3,671.0,16,1.5,2.3,66.5,244.3
SPL-019,Oben,2018,12,11,2816.8,35.2,748.0,20,62.0,79.9,98.7,141.4
SPL-019,Otiaseki,2018,12,13,2874.8,43.6,836.0,16,11.0,0.2,97.0,346.1
SPL-019,Eleme,2018,12,7,3938.1,27.5,870.0,28,15.6,174.7,80.6,902.0
SPL-019,Oben,2019,1,5,3808.4,20.3,784.0,20,5.2,39.8,90.5,555.9
SPL-019,Sapele,2019,4,1,4526.3,8.0,833.0,32,13.8,94.3,70.9,1519.7
SPL-019,Eleme,2019,4,12,3292.1,42.1,758.0,40,0.5,31.4,83.4,1026.6
SPL-019,Eleme,2019,5,18,2470.1,47.3,875.0,20,23.9,177.0,100.0,361.0
SPL-019,Otiaseki,2019,6,11,3379.4,32.0,997.0,32,31.7,261.8,61.1,894.5
SPL-019,Otiaseki,2019,8,17,2219.5,51.9,617.0,32,3.5,79.4,99.9,478.9
SPL-019,Otiaseki,2019,10,1,4545.3,8.3,716.0,32,16.9,19.4,100.0,1493.9
SPL-019,Oben,2019,10,13,2903.0,40.3,497.0,32,26.2,102.1,69.4,606.7
SPL-019,Eleme,2020,2,12,3336.5,36.7,744.0,36,3.6,0.2,78.6,902.0
SPL-019,Oben,2020,2,2,4324.9,13.6,700.0,28,46.8,16.7,79.5,1181.7
SPL-019,Otiaseki,2020,3,4,3992.4,15.2,1004.0,16,75.3,11.2,67.4,576.4
SPL-019,Sapele,2020,4,19,2594.0,54.9,777.0,24,1.4,175.0,99.5,170.5
SPL-019,Oben,2020,6,8,3571.0,20.9,941.0,40,87.7,138.8,71.5,1414.7
SPL-019,Otiaseki,2020,6,16,2272.7,47.5,887.0,28,14.1,16.2,71.9,367.2
SPL-019,Eleme,2020,7,6,3863.3,19.7,820.0,24,7.2,99.6,83.1,938.7
SPL-019,Oben,2020,10,3,3931.5,14.9,850.0,36,14.2,52.5,83.8,1359.6
SPL-019,Oben,2020,12,14,3122.0,39.5,853.0,20,47.2,15.6,90.4,466.4
SPL-019,Otiaseki,2021,7,9,3308.9,28.0,608.0,28,20.5,233.1,81.2,798.7
SPL-019,Sapele,2021,7,3,3766.1,9.4,643.0,20,9.2,43.3,64.5,695.2
SPL-019,Otiaseki,2021,8,10,3388.5,36.5,806.0,36,63.2,64.0,96.2,967.9
SPL-019,Sapele,2021,9,5,4336.2,17.2,887.0,28,3.1,34.2,68.8,1145.9
SPL-019,Otiaseki,2022,3,15,2739.6,47.8,732.0,20,89.0,91.0,89.1,293.3
SPL-019,Eleme,2022,4,11,2881.4,30.3,698.0,20,88.5,53.9,90.2,512.1
SPL-019,Oben,2022,6,4,3998.3,23.8,736.0,36,4.5,228.7,95.4,1275.9
SPL-019,Sapele,2022,7,10,3357.4,38.8,790.0,24,43.8,18.1,96.8,623.8
SPL-019,Sapele,2022,10,17,2381.4,52.2,692.0,16,29.9,11.4,94.2,152.8
SPL-019,Sapele,2022,10,2,4083.9,12.0,820.0,16,68.7,10.9,68.5,615.7
SPL-019,Sapele,2023,1,18,2415.9,64.2,757.0,40,7.1,16.1,65.3,410.4
SPL-019,Otiaseki,2023,1,10,3226.4,31.1,955.0,24,53.0,39.4,87.8,550.6
SPL-019,Otiaseki,2023,1,8,3559.5,20.0,791.0,32,4.7,27.6,80.2,1077.4
SPL-019,Otiaseki,2023,2,19,1774.3,59.7,1088.0,32,15.7,19.5,72.8,202.3
SPL-019,Sapele,2023,4,12,2678.2,39.4,1020.0,16,78.9,471.4,83.5,309.6
SPL-019,Sapele,2023,6,9,3272.0,23.2,771.0,36,30.9,209.2,73.2,1056.4
SPL-019,Eleme,2023,7,19,2148.9,54.6,1086.0,16,10.7,73.5,90.4,204.6
SPL-019,Oben,2023,9,19,2165.1,57.9,901.0,20,2.1,21.6,72.7,289.5
SPL-020,Sapele,2018,7,7,3810.1,20.1,900.0,36,3.3,578.6,77.9,1291.8
SPL-020,Oben,2018,7,4,3754.7,25.7,648.0,36,2.3,27.0,60.5,1156.2
SPL-020,Eleme,2018,8,12,3388.3,43.3,714.0,32,22.7,142.9,65.4,754.2
SPL-020,Otiaseki,2018,8,9,3594.8,31.6,820.0,32,33.0,514.0,89.2,1080.0
SPL-020,Oben,2018,9,17,2129.9,57.2,818.0,20,39.7,329.0,72.5,177.0
SPL-020,Eleme,2018,9,12,3124.4,41.2,827.0,28,291.8,134.2,78.4,319.5
SPL-020,Oben,2018,11,15,3128.5,43.8,745.0,24,6.1,46.7,85.7,575.2
SPL-020,Sapele,2019,1,7,3469.2,18.8,981.0,20,45.1,65.2,83.3,674.1
SPL-020,Otiaseki,2019,3,12,3508.9,43.6,781.0,16,60.1,11.5,63.4,363.6
SPL-020,Oben,2019,6,14,3101.0,52.1,1002.0,36,4.7,34.1,90.1,497.7
SPL-020,Sapele,2019,8,7,3909.8,27.5,761.0,20,26.1,374.8,91.0,680.1
SPL-020,Sapele,2019,12,18,2218.2,56.4,1158.0,28,0.3,32.8,78.2,362.7
SPL-020,Oben,2020,1,16,2633.0,52.8,894.0,16,0.5,29.4,93.2,243.6
SPL-020,Otiaseki,2020,1,5,4381.8,11.3,711.0,20,13.2,14.4,73.1,905.2
SPL-020,Oben,2020,1,17,2611.9,59.4,702.0,36,74.3,12.9,62.7,462.8
SPL-020,Oben,2020,2,2,4001.5,9.5,738.0,36,63.6,6.3,60.5,1355.8
SPL-020,Otiaseki,2020,3,13,2977.1,35.7,820.0,24,18.9,23.0,85.9,463.2
SPL-020,Otiaseki,2020,5,7,3672.3,23.9,951.0,20,4.1,57.4,65.9,626.8
SPL-020,Sapele,2020,6,13,2958.0,43.1,808.0,16,32.9,99.4,68.9,394.0
SPL-020,Eleme,2020,8,18,2226.8,54.5,1086.0,16,25.1,36.4,60.5,203.9
SPL-020,Eleme,2020,8,14,2915.2,41.4,665.0,16,44.7,194.7,95.9,302.5
SPL-020,Eleme,2020,11,19,2330.8,59.4,990.0,28,59.0,1.9,83.4,360.8
SPL-020,Sapele,2021,1,11,2953.9,29.0,1077.0,20,5.2,4.6,98.9,552.5
SPL-020,Sapele,2021,3,18,2453.4,52.8,816.0,28,3.7,40.9,98.5,399.2
SPL-020,Sapele,2021,4,8,3363.8,29.9,639.0,40,6.6,158.2,80.0,1078.8
SPL-020,Otiaseki,2021,5,9,3393.7,31.3,667.0,32,80.8,137.0,88.0,824.4
SPL-020,Sapele,2021,6,10,3305.5,28.9,798.0,16,47.8,113.5,73.5,344.0
SPL-020,Sapele,2021,7,10,3471.7,34.1,737.0,24,42.7,190.0,62.1,627.0
SPL-020,Otiaseki,2021,9,13,2869.6,41.1,658.0,40,57.0,22.1,72.2,683.5
SPL-020,Eleme,2021,10,7,4179.8,23.2,745.0,40,49.1,21.4,92.1,1343.6
SPL-020,Sapele,2021,11,6,3552.2,25.5,946.0,36,25.9,70.0,73.6,1061.2
SPL-020,Eleme,2021,12,9,3061.3,28.0,684.0,20,57.4,16.4,64.2,510.2
SPL-020,Otiaseki,2021,12,15,2616.7,37.3,818.0,32,15.0,11.2,63.8,608.2
SPL-020,Eleme,2022,2,4,3846.6,27.7,626.0,24,27.4,39.4,89.7,889.6
SPL-020,Otiaseki,2022,4,2,4307.0,10.4,710.0,24,21.0,146.4,86.3,1151.5
SPL-020,Sapele,2022,4,10,3342.7,32.4,809.0,16,53.3,45.7,65.1,332.0
SPL-020,Otiaseki,2022,5,12,3139.2,39.9,899.0,28,11.1,121.7,63.8,474.6
SPL-020,Oben,2022,8,19,2307.8,58.8,926.0,36,45.7,59.4,78.4,343.9
SPL-020,Sapele,2022,9,5,3475.5,17.0,947.0,40,10.6,35.7,72.5,1405.8
SPL-020,Sapele,2022,10,8,3696.7,26.4,906.0,32,31.7,8.8,79.9,1097.9
SPL-020,Oben,2022,10,5,3901.7,10.3,879.0,28,6.7,1.9,75.6,1235.4
SPL-020,Sapele,2022,10,3,3964.0,9.0,936.0,32,24.1,37.8,92.1,1302.8
SPL-020,Sapele,2022,10,17,2622.1,45.1,504.0,40,22.2,57.4,85.6,664.4
SPL-020,Otiaseki,2022,12,12,3236.8,35.4,1041.0,20,12.5,31.0,85.8,487.2
SPL-020,Sapele,2023,2,18,2336.6,53.1,851.0,16,64.3,84.5,97.3,110.7
SPL-020,Oben,2023,2,13,3049.3,40.4,620.0,28,7.9,17.3,60.0,676.2
SPL-020,Otiaseki,2023,3,7,3631.6,23.5,529.0,24,45.2,30.3,66.2,803.8
SPL-020,Eleme,2023,4,4,3767.5,16.3,807.0,28,45.5,155.6,82.6,861.0
SPL-020,Oben,2023,6,10,3360.4,35.6,997.0,28,6.2,8.9,73.4,754.4
SPL-020,Otiaseki,2023,9,3,4386.1,1.1,886.0,24,51.3,53.8,77.8,1178.2
SPL-020,Otiaseki,2023,11,5,3861.9,16.6,735.0,40,0.2,7.3,93.9,1455.9
SPL-020,Eleme,2023,12,1,4463.9,11.6,916.0,40,56.6,43.6,75.9,1741.8
